path,source_SeriesInstanceUID,PatientID,SOPInstanceUID,NumberOfFrames,temporal_type,decode_ok,decode_error,pixel_array_shape,pixel_dtype,representative_frame_index,frame_height,frame_width,aspect_ratio,pixel_min,pixel_max,pixel_mean,pixel_std,p01,p99,robust_dynamic_range,zero_fraction,wide_layout_candidate,preview_path
raw/week2_batch/extracted/1.3.6.1.4.1.14519.5.2.1.1188.2803.107705246080914591037161918079/00000001.dcm,1.3.6.1.4.1.14519.5.2.1.1188.2803.107705246080914591037161918079,LiverUS-86,1.3.6.1.4.1.14519.5.2.1.1188.2803.950280477814037439455301854932,1,single_frame,True,,"(720, 1280, 3)",uint8,0,720,1280,1.7778,0.0,255.0,44.88775634765625,44.40618515014648,0.0,157.0,157.0,0.3189822048611111,True,qc/week2_preview_frames/LiverUS-86__1.3.6.1.4.1.14519.5.2.1.1188.2803.950280477814037439455301854932__f0000.png
raw/week2_batch/extracted/1.3.6.1.4.1.14519.5.2.1.1188.2803.107705246080914591037161918079/00000002.dcm,1.3.6.1.4.1.14519.5.2.1.1188.2803.107705246080914591037161918079,LiverUS-86,1.3.6.1.4.1.14519.5.2.1.1188.2803.686515758757679256427414178739,1,single_frame,True,,"(720, 960, 3)",uint8,0,720,960,1.3333,0.0,255.0,43.99644470214844,56.77894592285156,0.0,213.0,213.0,0.4598871527777777,False,qc/week2_preview_frames/LiverUS-86__1.3.6.1.4.1.14519.5.2.1.1188.2803.686515758757679256427414178739__f0000.png
raw/week2_batch/extracted/1.3.6.1.4.1.14519.5.2.1.1188.2803.107705246080914591037161918079/00000003.dcm,1.3.6.1.4.1.14519.5.2.1.1188.2803.107705246080914591037161918079,LiverUS-86,1.3.6.1.4.1.14519.5.2.1.1188.2803.323242708790647045468471701326,117,multi_frame_cine,True,,"(117, 421, 760, 3)",uint8,58,421,760,1.8052,0.0,255.0,55.33857345581055,48.36053466796875,0.0,170.49424743652344,170.49424743652344,0.2382891611451431,True,qc/week2_preview_frames/LiverUS-86__1.3.6.1.4.1.14519.5.2.1.1188.2803.323242708790647045468471701326__f0058.png
raw/week2_batch/extracted/1.3.6.1.4.1.14519.5.2.1.1188.2803.107705246080914591037161918079/00000004.dcm,1.3.6.1.4.1.14519.5.2.1.1188.2803.107705246080914591037161918079,LiverUS-86,1.3.6.1.4.1.14519.5.2.1.1188.2803.762623345775877013671723528814,82,multi_frame_cine,True,,"(82, 421, 760, 3)",uint8,41,421,760,1.8052,0.0,255.0,54.92038345336914,48.05932235717773,0.0,171.69003295898438,171.69003295898438,0.2395518189773721,True,qc/week2_preview_frames/LiverUS-86__1.3.6.1.4.1.14519.5.2.1.1188.2803.762623345775877013671723528814__f0041.png
raw/week2_batch/extracted/1.3.6.1.4.1.14519.5.2.1.1188.2803.107705246080914591037161918079/00000005.dcm,1.3.6.1.4.1.14519.5.2.1.1188.2803.107705246080914591037161918079,LiverUS-86,1.3.6.1.4.1.14519.5.2.1.1188.2803.182502797337636453438705087660,1,single_frame,True,,"(720, 1280, 3)",uint8,0,720,1280,1.7778,0.0,255.0,45.895164489746094,45.07776641845703,0.0,157.4219970703125,157.4219970703125,0.3194596354166666,True,qc/week2_preview_frames/LiverUS-86__1.3.6.1.4.1.14519.5.2.1.1188.2803.182502797337636453438705087660__f0000.png
raw/week2_batch/extracted/1.3.6.1.4.1.14519.5.2.1.1188.2803.107705246080914591037161918079/00000006.dcm,1.3.6.1.4.1.14519.5.2.1.1188.2803.107705246080914591037161918079,LiverUS-86,1.3.6.1.4.1.14519.5.2.1.1188.2803.261227840917799705133682731824,1,single_frame,True,,"(720, 1280, 3)",uint8,0,720,1280,1.7778,0.0,255.0,32.31627655029297,39.00962829589844,0.0,147.0,147.0,0.3295062934027777,True,qc/week2_preview_frames/LiverUS-86__1.3.6.1.4.1.14519.5.2.1.1188.2803.261227840917799705133682731824__f0000.png
raw/week2_batch/extracted/1.3.6.1.4.1.14519.5.2.1.1188.2803.107705246080914591037161918079/00000007.dcm,1.3.6.1.4.1.14519.5.2.1.1188.2803.107705246080914591037161918079,LiverUS-86,1.3.6.1.4.1.14519.5.2.1.1188.2803.213076819740703033771874627557,1,single_frame,True,,"(720, 1280, 3)",uint8,0,720,1280,1.7778,0.0,255.0,44.76070785522461,44.566707611083984,0.0,152.93800354003906,152.93800354003906,0.3204774305555555,True,qc/week2_preview_frames/LiverUS-86__1.3.6.1.4.1.14519.5.2.1.1188.2803.213076819740703033771874627557__f0000.png
raw/week2_batch/extracted/1.3.6.1.4.1.14519.5.2.1.1188.2803.107705246080914591037161918079/00000008.dcm,1.3.6.1.4.1.14519.5.2.1.1188.2803.107705246080914591037161918079,LiverUS-86,1.3.6.1.4.1.14519.5.2.1.1188.2803.109193203538084063188332306185,1,single_frame,True,,"(720, 1280, 3)",uint8,0,720,1280,1.7778,0.0,255.0,36.8201904296875,40.07578659057617,0.0,144.0,144.0,0.3267263454861111,True,qc/week2_preview_frames/LiverUS-86__1.3.6.1.4.1.14519.5.2.1.1188.2803.109193203538084063188332306185__f0000.png
raw/week2_batch/extracted/1.3.6.1.4.1.14519.5.2.1.1188.2803.107705246080914591037161918079/00000009.dcm,1.3.6.1.4.1.14519.5.2.1.1188.2803.107705246080914591037161918079,LiverUS-86,1.3.6.1.4.1.14519.5.2.1.1188.2803.565279352327182790496488897835,1,single_frame,True,,"(720, 1280, 3)",uint8,0,720,1280,1.7778,0.0,255.0,38.90644836425781,42.63335418701172,0.0,155.0,155.0,0.3237966579861111,True,qc/week2_preview_frames/LiverUS-86__1.3.6.1.4.1.14519.5.2.1.1188.2803.565279352327182790496488897835__f0000.png
raw/week2_batch/extracted/1.3.6.1.4.1.14519.5.2.1.1188.2803.107705246080914591037161918079/00000010.dcm,1.3.6.1.4.1.14519.5.2.1.1188.2803.107705246080914591037161918079,LiverUS-86,1.3.6.1.4.1.14519.5.2.1.1188.2803.265355266009162474633698408848,94,multi_frame_cine,True,,"(94, 421, 760, 3)",uint8,47,421,760,1.8052,0.0,254.5439910888672,34.95704650878906,36.66274642944336,0.0,132.8660888671875,132.8660888671875,0.2980060007500937,True,qc/week2_preview_frames/LiverUS-86__1.3.6.1.4.1.14519.5.2.1.1188.2803.265355266009162474633698408848__f0047.png
raw/week2_batch/extracted/1.3.6.1.4.1.14519.5.2.1.1188.2803.107705246080914591037161918079/00000011.dcm,1.3.6.1.4.1.14519.5.2.1.1188.2803.107705246080914591037161918079,LiverUS-86,1.3.6.1.4.1.14519.5.2.1.1188.2803.143902788992088428048097652506,1,single_frame,True,,"(720, 960, 3)",uint8,0,720,960,1.3333,0.0,255.0,38.12711715698242,55.23686599731445,0.0,212.0,212.0,0.5363136574074074,False,qc/week2_preview_frames/LiverUS-86__1.3.6.1.4.1.14519.5.2.1.1188.2803.143902788992088428048097652506__f0000.png
raw/week2_batch/extracted/1.3.6.1.4.1.14519.5.2.1.1188.2803.107705246080914591037161918079/00000012.dcm,1.3.6.1.4.1.14519.5.2.1.1188.2803.107705246080914591037161918079,LiverUS-86,1.3.6.1.4.1.14519.5.2.1.1188.2803.318723471960711012395665245983,1,single_frame,True,,"(720, 960, 3)",uint8,0,720,960,1.3333,0.0,255.0,44.60157012939453,56.99945831298828,0.0,214.9999847412109,214.9999847412109,0.4427893518518518,False,qc/week2_preview_frames/LiverUS-86__1.3.6.1.4.1.14519.5.2.1.1188.2803.318723471960711012395665245983__f0000.png
raw/week2_batch/extracted/1.3.6.1.4.1.14519.5.2.1.1188.2803.107705246080914591037161918079/00000013.dcm,1.3.6.1.4.1.14519.5.2.1.1188.2803.107705246080914591037161918079,LiverUS-86,1.3.6.1.4.1.14519.5.2.1.1188.2803.225550746740486106655633657404,1,single_frame,True,,"(720, 960, 3)",uint8,0,720,960,1.3333,0.0,255.0,45.50718307495117,56.35413360595703,0.0,206.0,206.0,0.4672048611111111,False,qc/week2_preview_frames/LiverUS-86__1.3.6.1.4.1.14519.5.2.1.1188.2803.225550746740486106655633657404__f0000.png
raw/week2_batch/extracted/1.3.6.1.4.1.14519.5.2.1.1188.2803.107705246080914591037161918079/00000014.dcm,1.3.6.1.4.1.14519.5.2.1.1188.2803.107705246080914591037161918079,LiverUS-86,1.3.6.1.4.1.14519.5.2.1.1188.2803.243091113947849973734534490721,95,multi_frame_cine,True,,"(95, 421, 760, 3)",uint8,47,421,760,1.8052,0.0,255.0,40.316383361816406,41.50635147094727,0.0,152.0,152.0,0.2943555444430554,True,qc/week2_preview_frames/LiverUS-86__1.3.6.1.4.1.14519.5.2.1.1188.2803.243091113947849973734534490721__f0047.png
raw/week2_batch/extracted/1.3.6.1.4.1.14519.5.2.1.1188.2803.107705246080914591037161918079/00000015.dcm,1.3.6.1.4.1.14519.5.2.1.1188.2803.107705246080914591037161918079,LiverUS-86,1.3.6.1.4.1.14519.5.2.1.1188.2803.172432838596685769721057432952,86,multi_frame_cine,True,,"(86, 421, 760, 3)",uint8,43,421,760,1.8052,0.0,255.0,54.58189010620117,48.56766891479492,0.0,171.68800354003906,171.68800354003906,0.2470277534691836,True,qc/week2_preview_frames/LiverUS-86__1.3.6.1.4.1.14519.5.2.1.1188.2803.172432838596685769721057432952__f0043.png
raw/week2_batch/extracted/1.3.6.1.4.1.14519.5.2.1.1188.2803.107705246080914591037161918079/00000016.dcm,1.3.6.1.4.1.14519.5.2.1.1188.2803.107705246080914591037161918079,LiverUS-86,1.3.6.1.4.1.14519.5.2.1.1188.2803.152128715889733923190058395347,1,single_frame,True,,"(720, 960, 3)",uint8,0,720,960,1.3333,0.0,255.0,27.236692428588867,45.39502334594727,0.0,187.0,187.0,0.5522844328703703,False,qc/week2_preview_frames/LiverUS-86__1.3.6.1.4.1.14519.5.2.1.1188.2803.152128715889733923190058395347__f0000.png
raw/week2_batch/extracted/1.3.6.1.4.1.14519.5.2.1.1188.2803.107705246080914591037161918079/00000017.dcm,1.3.6.1.4.1.14519.5.2.1.1188.2803.107705246080914591037161918079,LiverUS-86,1.3.6.1.4.1.14519.5.2.1.1188.2803.282072563512129582518989546646,164,multi_frame_cine,True,,"(164, 421, 760, 3)",uint8,82,421,760,1.8052,0.0,254.5439910888672,36.597129821777344,39.07725524902344,0.0,138.0,138.0,0.2989936242030254,True,qc/week2_preview_frames/LiverUS-86__1.3.6.1.4.1.14519.5.2.1.1188.2803.282072563512129582518989546646__f0082.png
raw/week2_batch/extracted/1.3.6.1.4.1.14519.5.2.1.1188.2803.107705246080914591037161918079/00000018.dcm,1.3.6.1.4.1.14519.5.2.1.1188.2803.107705246080914591037161918079,LiverUS-86,1.3.6.1.4.1.14519.5.2.1.1188.2803.145514555617612497017362733603,1,single_frame,True,,"(720, 1280, 3)",uint8,0,720,1280,1.7778,0.0,255.0,47.56890106201172,47.66959762573242,0.0,170.9219970703125,170.9219970703125,0.3195551215277777,True,qc/week2_preview_frames/LiverUS-86__1.3.6.1.4.1.14519.5.2.1.1188.2803.145514555617612497017362733603__f0000.png
raw/week2_batch/extracted/1.3.6.1.4.1.14519.5.2.1.1188.2803.107705246080914591037161918079/00000019.dcm,1.3.6.1.4.1.14519.5.2.1.1188.2803.107705246080914591037161918079,LiverUS-86,1.3.6.1.4.1.14519.5.2.1.1188.2803.105152291584666585571658678005,1,single_frame,True,,"(720, 1280, 3)",uint8,0,720,1280,1.7778,0.0,255.0,48.16388702392578,46.94195175170898,0.0,165.9219970703125,165.9219970703125,0.3184939236111111,True,qc/week2_preview_frames/LiverUS-86__1.3.6.1.4.1.14519.5.2.1.1188.2803.105152291584666585571658678005__f0000.png
raw/week2_batch/extracted/1.3.6.1.4.1.14519.5.2.1.1188.2803.107705246080914591037161918079/00000020.dcm,1.3.6.1.4.1.14519.5.2.1.1188.2803.107705246080914591037161918079,LiverUS-86,1.3.6.1.4.1.14519.5.2.1.1188.2803.177943433138255824010845626126,1,single_frame,True,,"(720, 960, 3)",uint8,0,720,960,1.3333,0.0,255.0,37.57543563842773,54.89493560791016,0.0,210.0,210.0,0.5476519097222222,False,qc/week2_preview_frames/LiverUS-86__1.3.6.1.4.1.14519.5.2.1.1188.2803.177943433138255824010845626126__f0000.png
raw/week2_batch/extracted/1.3.6.1.4.1.14519.5.2.1.1188.2803.107705246080914591037161918079/00000021.dcm,1.3.6.1.4.1.14519.5.2.1.1188.2803.107705246080914591037161918079,LiverUS-86,1.3.6.1.4.1.14519.5.2.1.1188.2803.351951877842162699168193216826,1,single_frame,True,,"(720, 1280, 3)",uint8,0,720,1280,1.7778,0.0,255.0,43.10480117797852,43.0844612121582,0.0,151.8719940185547,151.8719940185547,0.3197829861111111,True,qc/week2_preview_frames/LiverUS-86__1.3.6.1.4.1.14519.5.2.1.1188.2803.351951877842162699168193216826__f0000.png
raw/week2_batch/extracted/1.3.6.1.4.1.14519.5.2.1.1188.2803.107705246080914591037161918079/00000022.dcm,1.3.6.1.4.1.14519.5.2.1.1188.2803.107705246080914591037161918079,LiverUS-86,1.3.6.1.4.1.14519.5.2.1.1188.2803.109128641321252974865522072507,1,single_frame,True,,"(720, 960, 3)",uint8,0,720,960,1.3333,0.0,255.0,40.71249008178711,55.8574333190918,0.0,210.0,210.0,0.491066261574074,False,qc/week2_preview_frames/LiverUS-86__1.3.6.1.4.1.14519.5.2.1.1188.2803.109128641321252974865522072507__f0000.png
raw/week2_batch/extracted/1.3.6.1.4.1.14519.5.2.1.1188.2803.112528579221514439480091026530/00000001.dcm,1.3.6.1.4.1.14519.5.2.1.1188.2803.112528579221514439480091026530,LiverUS-63,1.3.6.1.4.1.14519.5.2.1.1188.2803.163804137353968664504512556540,66,multi_frame_cine,True,,"(66, 649, 850, 3)",uint8,33,649,850,1.3097,0.0,255.0,38.04153060913086,42.7158088684082,0.0,152.0,152.0,0.4315689295749116,False,qc/week2_preview_frames/LiverUS-63__1.3.6.1.4.1.14519.5.2.1.1188.2803.163804137353968664504512556540__f0033.png
raw/week2_batch/extracted/1.3.6.1.4.1.14519.5.2.1.1188.2803.112528579221514439480091026530/00000002.dcm,1.3.6.1.4.1.14519.5.2.1.1188.2803.112528579221514439480091026530,LiverUS-63,1.3.6.1.4.1.14519.5.2.1.1188.2803.565742483140760164811088550544,41,multi_frame_cine,True,,"(41, 649, 1170, 3)",uint8,20,649,1170,1.8028,0.0,255.0,29.17919158935547,48.986793518066406,0.0,185.0,185.0,0.6180883146984842,True,qc/week2_preview_frames/LiverUS-63__1.3.6.1.4.1.14519.5.2.1.1188.2803.565742483140760164811088550544__f0020.png
raw/week2_batch/extracted/1.3.6.1.4.1.14519.5.2.1.1188.2803.112528579221514439480091026530/00000003.dcm,1.3.6.1.4.1.14519.5.2.1.1188.2803.112528579221514439480091026530,LiverUS-63,1.3.6.1.4.1.14519.5.2.1.1188.2803.975524077793784850776740286586,46,multi_frame_cine,True,,"(46, 649, 1170, 3)",uint8,23,649,1170,1.8028,0.0,255.0,27.69491195678711,45.51481246948242,0.0,173.7118682861328,173.7118682861328,0.5548417684010905,True,qc/week2_preview_frames/LiverUS-63__1.3.6.1.4.1.14519.5.2.1.1188.2803.975524077793784850776740286586__f0023.png
raw/week2_batch/extracted/1.3.6.1.4.1.14519.5.2.1.1188.2803.112528579221514439480091026530/00000004.dcm,1.3.6.1.4.1.14519.5.2.1.1188.2803.112528579221514439480091026530,LiverUS-63,1.3.6.1.4.1.14519.5.2.1.1188.2803.555543850058111507914660414414,54,multi_frame_cine,True,,"(54, 649, 1170, 3)",uint8,27,649,1170,1.8028,0.0,255.0,27.29987525939941,45.62897109985352,0.0,173.0,173.0,0.5904903006597921,True,qc/week2_preview_frames/LiverUS-63__1.3.6.1.4.1.14519.5.2.1.1188.2803.555543850058111507914660414414__f0027.png
raw/week2_batch/extracted/1.3.6.1.4.1.14519.5.2.1.1188.2803.112528579221514439480091026530/00000005.dcm,1.3.6.1.4.1.14519.5.2.1.1188.2803.112528579221514439480091026530,LiverUS-63,1.3.6.1.4.1.14519.5.2.1.1188.2803.284249536630602246053934652491,55,multi_frame_cine,True,,"(55, 649, 1170, 3)",uint8,27,649,1170,1.8028,0.0,255.0,29.58623313903809,45.99178695678711,0.0,175.0,175.0,0.4926500994297604,True,qc/week2_preview_frames/LiverUS-63__1.3.6.1.4.1.14519.5.2.1.1188.2803.284249536630602246053934652491__f0027.png
raw/week2_batch/extracted/1.3.6.1.4.1.14519.5.2.1.1188.2803.112528579221514439480091026530/00000006.dcm,1.3.6.1.4.1.14519.5.2.1.1188.2803.112528579221514439480091026530,LiverUS-63,1.3.6.1.4.1.14519.5.2.1.1188.2803.123746089700160762822706525332,54,multi_frame_cine,True,,"(54, 649, 1170, 3)",uint8,27,649,1170,1.8028,0.0,255.0,27.834266662597656,46.712982177734375,0.0,174.95999145507812,174.95999145507812,0.6166093793212437,True,qc/week2_preview_frames/LiverUS-63__1.3.6.1.4.1.14519.5.2.1.1188.2803.123746089700160762822706525332__f0027.png
raw/week2_batch/extracted/1.3.6.1.4.1.14519.5.2.1.1188.2803.112528579221514439480091026530/00000007.dcm,1.3.6.1.4.1.14519.5.2.1.1188.2803.112528579221514439480091026530,LiverUS-63,1.3.6.1.4.1.14519.5.2.1.1188.2803.176710748273606312904007021483,42,multi_frame_cine,True,,"(42, 649, 1170, 3)",uint8,21,649,1170,1.8028,0.0,255.0,27.625396728515625,44.64111709594727,0.0,170.22581481933594,170.22581481933594,0.5299197977164078,True,qc/week2_preview_frames/LiverUS-63__1.3.6.1.4.1.14519.5.2.1.1188.2803.176710748273606312904007021483__f0021.png
raw/week2_batch/extracted/1.3.6.1.4.1.14519.5.2.1.1188.2803.112528579221514439480091026530/00000008.dcm,1.3.6.1.4.1.14519.5.2.1.1188.2803.112528579221514439480091026530,LiverUS-63,1.3.6.1.4.1.14519.5.2.1.1188.2803.317318043147315334424167508131,48,multi_frame_cine,True,,"(48, 649, 1170, 3)",uint8,24,649,1170,1.8028,0.0,255.0,28.617137908935547,48.22134399414063,0.0,181.18299865722656,181.18299865722656,0.6282196146602926,True,qc/week2_preview_frames/LiverUS-63__1.3.6.1.4.1.14519.5.2.1.1188.2803.317318043147315334424167508131__f0024.png
raw/week2_batch/extracted/1.3.6.1.4.1.14519.5.2.1.1188.2803.114218609794331391148301121858/00000001.dcm,1.3.6.1.4.1.14519.5.2.1.1188.2803.114218609794331391148301121858,LiverUS-102,1.3.6.1.4.1.14519.5.2.1.1188.2803.129149366012950409808388745690,36,multi_frame_cine,True,,"(36, 649, 1170, 3)",uint8,18,649,1170,1.8028,0.0,255.0,45.50654220581055,61.68195724487305,0.0,208.0,208.0,0.3286239184544269,True,qc/week2_preview_frames/LiverUS-102__1.3.6.1.4.1.14519.5.2.1.1188.2803.129149366012950409808388745690__f0018.png
raw/week2_batch/extracted/1.3.6.1.4.1.14519.5.2.1.1188.2803.114218609794331391148301121858/00000002.dcm,1.3.6.1.4.1.14519.5.2.1.1188.2803.114218609794331391148301121858,LiverUS-102,1.3.6.1.4.1.14519.5.2.1.1188.2803.221011446098410045577695588128,85,multi_frame_cine,True,,"(85, 649, 1170, 3)",uint8,42,649,1170,1.8028,0.0,255.0,27.406295776367188,46.576622009277344,0.0,180.00001525878906,180.00001525878906,0.5040680600002634,True,qc/week2_preview_frames/LiverUS-102__1.3.6.1.4.1.14519.5.2.1.1188.2803.221011446098410045577695588128__f0042.png
raw/week2_batch/extracted/1.3.6.1.4.1.14519.5.2.1.1188.2803.114218609794331391148301121858/00000003.dcm,1.3.6.1.4.1.14519.5.2.1.1188.2803.114218609794331391148301121858,LiverUS-102,1.3.6.1.4.1.14519.5.2.1.1188.2803.641967796332068951249998193018,86,multi_frame_cine,True,,"(86, 649, 1170, 3)",uint8,43,649,1170,1.8028,0.0,255.0,40.42411422729492,56.86492919921875,0.0,197.0,197.0,0.3985105290190036,True,qc/week2_preview_frames/LiverUS-102__1.3.6.1.4.1.14519.5.2.1.1188.2803.641967796332068951249998193018__f0043.png
raw/week2_batch/extracted/1.3.6.1.4.1.14519.5.2.1.1188.2803.114218609794331391148301121858/00000004.dcm,1.3.6.1.4.1.14519.5.2.1.1188.2803.114218609794331391148301121858,LiverUS-102,1.3.6.1.4.1.14519.5.2.1.1188.2803.166449804412544821566769264025,54,multi_frame_cine,True,,"(54, 649, 1170, 3)",uint8,27,649,1170,1.8028,0.0,255.0,37.993629455566406,54.51944351196289,0.0,191.0,191.0,0.3659502456112625,True,qc/week2_preview_frames/LiverUS-102__1.3.6.1.4.1.14519.5.2.1.1188.2803.166449804412544821566769264025__f0027.png
raw/week2_batch/extracted/1.3.6.1.4.1.14519.5.2.1.1188.2803.114218609794331391148301121858/00000005.dcm,1.3.6.1.4.1.14519.5.2.1.1188.2803.114218609794331391148301121858,LiverUS-102,1.3.6.1.4.1.14519.5.2.1.1188.2803.466338216990689470528496796610,63,multi_frame_cine,True,,"(63, 649, 1170, 3)",uint8,31,649,1170,1.8028,0.0,255.0,41.6699447631836,58.643333435058594,0.0,200.0,200.0,0.343515994363452,True,qc/week2_preview_frames/LiverUS-102__1.3.6.1.4.1.14519.5.2.1.1188.2803.466338216990689470528496796610__f0031.png
raw/week2_batch/extracted/1.3.6.1.4.1.14519.5.2.1.1188.2803.114218609794331391148301121858/00000006.dcm,1.3.6.1.4.1.14519.5.2.1.1188.2803.114218609794331391148301121858,LiverUS-102,1.3.6.1.4.1.14519.5.2.1.1188.2803.191571686557443564232282576563,69,multi_frame_cine,True,,"(69, 649, 1170, 3)",uint8,34,649,1170,1.8028,0.0,255.0,40.73777389526367,59.55159759521485,0.0,210.0,210.0,0.4587188705832773,True,qc/week2_preview_frames/LiverUS-102__1.3.6.1.4.1.14519.5.2.1.1188.2803.191571686557443564232282576563__f0034.png
raw/week2_batch/extracted/1.3.6.1.4.1.14519.5.2.1.1188.2803.114218609794331391148301121858/00000007.dcm,1.3.6.1.4.1.14519.5.2.1.1188.2803.114218609794331391148301121858,LiverUS-102,1.3.6.1.4.1.14519.5.2.1.1188.2803.312930024744290664863996784891,74,multi_frame_cine,True,,"(74, 649, 1170, 3)",uint8,37,649,1170,1.8028,0.0,255.0,42.70186233520508,58.30316925048828,0.0,204.0,204.0,0.3978164961215809,True,qc/week2_preview_frames/LiverUS-102__1.3.6.1.4.1.14519.5.2.1.1188.2803.312930024744290664863996784891__f0037.png
raw/week2_batch/extracted/1.3.6.1.4.1.14519.5.2.1.1188.2803.127201590790554274361285212356/00000001.dcm,1.3.6.1.4.1.14519.5.2.1.1188.2803.127201590790554274361285212356,LiverUS-84,1.3.6.1.4.1.14519.5.2.1.1188.2803.262986911345361907863425309050,1,single_frame,True,,"(720, 960, 3)",uint8,0,720,960,1.3333,0.0,255.0,34.54894256591797,53.90799331665039,0.0,201.0,201.0,0.5427314814814815,False,qc/week2_preview_frames/LiverUS-84__1.3.6.1.4.1.14519.5.2.1.1188.2803.262986911345361907863425309050__f0000.png
raw/week2_batch/extracted/1.3.6.1.4.1.14519.5.2.1.1188.2803.127201590790554274361285212356/00000002.dcm,1.3.6.1.4.1.14519.5.2.1.1188.2803.127201590790554274361285212356,LiverUS-84,1.3.6.1.4.1.14519.5.2.1.1188.2803.140768450538946945043160445069,1,single_frame,True,,"(720, 1280, 3)",uint8,0,720,1280,1.7778,0.0,255.0,20.9163875579834,31.438405990600582,0.0,136.0,136.0,0.4060970052083333,True,qc/week2_preview_frames/LiverUS-84__1.3.6.1.4.1.14519.5.2.1.1188.2803.140768450538946945043160445069__f0000.png
raw/week2_batch/extracted/1.3.6.1.4.1.14519.5.2.1.1188.2803.127201590790554274361285212356/00000003.dcm,1.3.6.1.4.1.14519.5.2.1.1188.2803.127201590790554274361285212356,LiverUS-84,1.3.6.1.4.1.14519.5.2.1.1188.2803.278942302402163632406787769691,1,single_frame,True,,"(720, 1280, 3)",uint8,0,720,1280,1.7778,0.0,255.0,19.07812118530273,32.490806579589844,0.0,139.0,139.0,0.4370247395833333,True,qc/week2_preview_frames/LiverUS-84__1.3.6.1.4.1.14519.5.2.1.1188.2803.278942302402163632406787769691__f0000.png
raw/week2_batch/extracted/1.3.6.1.4.1.14519.5.2.1.1188.2803.127201590790554274361285212356/00000004.dcm,1.3.6.1.4.1.14519.5.2.1.1188.2803.127201590790554274361285212356,LiverUS-84,1.3.6.1.4.1.14519.5.2.1.1188.2803.220748569346780728189812285101,1,single_frame,True,,"(720, 1280, 3)",uint8,0,720,1280,1.7778,0.0,255.0,24.80169105529785,34.947959899902344,0.0,140.69300842285156,140.69300842285156,0.3935970052083333,True,qc/week2_preview_frames/LiverUS-84__1.3.6.1.4.1.14519.5.2.1.1188.2803.220748569346780728189812285101__f0000.png
raw/week2_batch/extracted/1.3.6.1.4.1.14519.5.2.1.1188.2803.127201590790554274361285212356/00000005.dcm,1.3.6.1.4.1.14519.5.2.1.1188.2803.127201590790554274361285212356,LiverUS-84,1.3.6.1.4.1.14519.5.2.1.1188.2803.290843675317567939913315922103,1,single_frame,True,,"(720, 960, 3)",uint8,0,720,960,1.3333,0.0,255.0,33.6574592590332,53.19243621826172,0.0,198.00001525878903,198.00001525878903,0.5596354166666667,False,qc/week2_preview_frames/LiverUS-84__1.3.6.1.4.1.14519.5.2.1.1188.2803.290843675317567939913315922103__f0000.png
raw/week2_batch/extracted/1.3.6.1.4.1.14519.5.2.1.1188.2803.127201590790554274361285212356/00000006.dcm,1.3.6.1.4.1.14519.5.2.1.1188.2803.127201590790554274361285212356,LiverUS-84,1.3.6.1.4.1.14519.5.2.1.1188.2803.224065723090980284518340787376,1,single_frame,True,,"(720, 1280, 3)",uint8,0,720,1280,1.7778,0.0,255.0,19.02669906616211,32.48469543457031,0.0,139.47898864746094,139.47898864746094,0.4379264322916666,True,qc/week2_preview_frames/LiverUS-84__1.3.6.1.4.1.14519.5.2.1.1188.2803.224065723090980284518340787376__f0000.png
raw/week2_batch/extracted/1.3.6.1.4.1.14519.5.2.1.1188.2803.127201590790554274361285212356/00000007.dcm,1.3.6.1.4.1.14519.5.2.1.1188.2803.127201590790554274361285212356,LiverUS-84,1.3.6.1.4.1.14519.5.2.1.1188.2803.653244030270326249107273118140,1,single_frame,True,,"(720, 960, 3)",uint8,0,720,960,1.3333,0.0,255.0,28.561189651489254,49.5034065246582,0.0,197.0,197.0,0.5487196180555556,False,qc/week2_preview_frames/LiverUS-84__1.3.6.1.4.1.14519.5.2.1.1188.2803.653244030270326249107273118140__f0000.png
raw/week2_batch/extracted/1.3.6.1.4.1.14519.5.2.1.1188.2803.127201590790554274361285212356/00000008.dcm,1.3.6.1.4.1.14519.5.2.1.1188.2803.127201590790554274361285212356,LiverUS-84,1.3.6.1.4.1.14519.5.2.1.1188.2803.328245655127806687970023070168,1,single_frame,True,,"(720, 1280, 3)",uint8,0,720,1280,1.7778,0.0,255.0,22.41922378540039,32.617332458496094,0.0,138.0,138.0,0.4027322048611111,True,qc/week2_preview_frames/LiverUS-84__1.3.6.1.4.1.14519.5.2.1.1188.2803.328245655127806687970023070168__f0000.png
raw/week2_batch/extracted/1.3.6.1.4.1.14519.5.2.1.1188.2803.127201590790554274361285212356/00000009.dcm,1.3.6.1.4.1.14519.5.2.1.1188.2803.127201590790554274361285212356,LiverUS-84,1.3.6.1.4.1.14519.5.2.1.1188.2803.221053474882690594252857173849,183,multi_frame_cine,True,,"(183, 421, 760, 3)",uint8,91,421,760,1.8052,0.0,254.5439910888672,17.719449996948242,31.18462181091309,0.0,138.52125549316406,138.52125549316406,0.4797287160895112,True,qc/week2_preview_frames/LiverUS-84__1.3.6.1.4.1.14519.5.2.1.1188.2803.221053474882690594252857173849__f0091.png
raw/week2_batch/extracted/1.3.6.1.4.1.14519.5.2.1.1188.2803.127201590790554274361285212356/00000010.dcm,1.3.6.1.4.1.14519.5.2.1.1188.2803.127201590790554274361285212356,LiverUS-84,1.3.6.1.4.1.14519.5.2.1.1188.2803.196696946597460746577121604669,1,single_frame,True,,"(720, 960, 3)",uint8,0,720,960,1.3333,0.0,255.0,28.01296615600586,48.91648864746094,0.0,195.0,195.0,0.5597569444444445,False,qc/week2_preview_frames/LiverUS-84__1.3.6.1.4.1.14519.5.2.1.1188.2803.196696946597460746577121604669__f0000.png
raw/week2_batch/extracted/1.3.6.1.4.1.14519.5.2.1.1188.2803.127201590790554274361285212356/00000011.dcm,1.3.6.1.4.1.14519.5.2.1.1188.2803.127201590790554274361285212356,LiverUS-84,1.3.6.1.4.1.14519.5.2.1.1188.2803.161629755817131478567702807571,128,multi_frame_cine,True,,"(128, 421, 760, 3)",uint8,64,421,760,1.8052,0.0,254.5439910888672,21.690410614013672,32.9526481628418,0.0,141.0,141.0,0.4310538817352169,True,qc/week2_preview_frames/LiverUS-84__1.3.6.1.4.1.14519.5.2.1.1188.2803.161629755817131478567702807571__f0064.png
raw/week2_batch/extracted/1.3.6.1.4.1.14519.5.2.1.1188.2803.127201590790554274361285212356/00000012.dcm,1.3.6.1.4.1.14519.5.2.1.1188.2803.127201590790554274361285212356,LiverUS-84,1.3.6.1.4.1.14519.5.2.1.1188.2803.263455779661540720751355306465,1,single_frame,True,,"(720, 1280, 3)",uint8,0,720,1280,1.7778,0.0,255.0,22.492082595825195,32.94561767578125,0.0,138.0,138.0,0.39962890625,True,qc/week2_preview_frames/LiverUS-84__1.3.6.1.4.1.14519.5.2.1.1188.2803.263455779661540720751355306465__f0000.png
raw/week2_batch/extracted/1.3.6.1.4.1.14519.5.2.1.1188.2803.145540260846979766323096521632/00000001.dcm,1.3.6.1.4.1.14519.5.2.1.1188.2803.145540260846979766323096521632,LiverUS-73,1.3.6.1.4.1.14519.5.2.1.1188.2803.319681681194089319031151200058,1,single_frame,True,,"(720, 1280, 3)",uint8,0,720,1280,1.7778,0.0,255.0,23.692873001098636,42.94872283935547,0.0,140.0,140.0,0.6730349392361111,True,qc/week2_preview_frames/LiverUS-73__1.3.6.1.4.1.14519.5.2.1.1188.2803.319681681194089319031151200058__f0000.png
raw/week2_batch/extracted/1.3.6.1.4.1.14519.5.2.1.1188.2803.145540260846979766323096521632/00000002.dcm,1.3.6.1.4.1.14519.5.2.1.1188.2803.145540260846979766323096521632,LiverUS-73,1.3.6.1.4.1.14519.5.2.1.1188.2803.110375803002446521691281303541,1,single_frame,True,,"(720, 1280, 3)",uint8,0,720,1280,1.7778,0.0,255.0,32.27851104736328,52.96098327636719,0.0,183.0,183.0,0.5572645399305556,True,qc/week2_preview_frames/LiverUS-73__1.3.6.1.4.1.14519.5.2.1.1188.2803.110375803002446521691281303541__f0000.png
raw/week2_batch/extracted/1.3.6.1.4.1.14519.5.2.1.1188.2803.145540260846979766323096521632/00000003.dcm,1.3.6.1.4.1.14519.5.2.1.1188.2803.145540260846979766323096521632,LiverUS-73,1.3.6.1.4.1.14519.5.2.1.1188.2803.465578398311226763783503880521,1,single_frame,True,,"(720, 1280, 3)",uint8,0,720,1280,1.7778,0.0,255.0,31.233551025390625,52.20268630981445,0.0,180.00001525878906,180.00001525878906,0.5679047309027778,True,qc/week2_preview_frames/LiverUS-73__1.3.6.1.4.1.14519.5.2.1.1188.2803.465578398311226763783503880521__f0000.png
raw/week2_batch/extracted/1.3.6.1.4.1.14519.5.2.1.1188.2803.145540260846979766323096521632/00000004.dcm,1.3.6.1.4.1.14519.5.2.1.1188.2803.145540260846979766323096521632,LiverUS-73,1.3.6.1.4.1.14519.5.2.1.1188.2803.211230260111557665459361326950,55,multi_frame_cine,True,,"(55, 649, 1170, 3)",uint8,27,649,1170,1.8028,0.0,255.0,28.475414276123047,47.40075302124024,0.0,184.0,184.0,0.4228161668839635,True,qc/week2_preview_frames/LiverUS-73__1.3.6.1.4.1.14519.5.2.1.1188.2803.211230260111557665459361326950__f0027.png
raw/week2_batch/extracted/1.3.6.1.4.1.14519.5.2.1.1188.2803.145540260846979766323096521632/00000005.dcm,1.3.6.1.4.1.14519.5.2.1.1188.2803.145540260846979766323096521632,LiverUS-73,1.3.6.1.4.1.14519.5.2.1.1188.2803.653982330626323160285325016388,51,multi_frame_cine,True,,"(51, 649, 1170, 3)",uint8,25,649,1170,1.8028,0.0,255.0,28.230113983154297,45.33906936645508,0.0,173.0,173.0,0.4218890337534405,True,qc/week2_preview_frames/LiverUS-73__1.3.6.1.4.1.14519.5.2.1.1188.2803.653982330626323160285325016388__f0025.png
raw/week2_batch/extracted/1.3.6.1.4.1.14519.5.2.1.1188.2803.145540260846979766323096521632/00000006.dcm,1.3.6.1.4.1.14519.5.2.1.1188.2803.145540260846979766323096521632,LiverUS-73,1.3.6.1.4.1.14519.5.2.1.1188.2803.404025041677522847405554151595,56,multi_frame_cine,True,,"(56, 649, 1170, 3)",uint8,28,649,1170,1.8028,0.0,255.0,30.15610694885254,47.431617736816406,0.0,185.0,185.0,0.4229952721478145,True,qc/week2_preview_frames/LiverUS-73__1.3.6.1.4.1.14519.5.2.1.1188.2803.404025041677522847405554151595__f0028.png
raw/week2_batch/extracted/1.3.6.1.4.1.14519.5.2.1.1188.2803.145540260846979766323096521632/00000007.dcm,1.3.6.1.4.1.14519.5.2.1.1188.2803.145540260846979766323096521632,LiverUS-73,1.3.6.1.4.1.14519.5.2.1.1188.2803.106245391029333761844905610070,54,multi_frame_cine,True,,"(54, 649, 1170, 3)",uint8,27,649,1170,1.8028,0.0,255.0,27.6898193359375,45.69936752319336,0.0,178.0,178.0,0.4247863247863248,True,qc/week2_preview_frames/LiverUS-73__1.3.6.1.4.1.14519.5.2.1.1188.2803.106245391029333761844905610070__f0027.png
raw/week2_batch/extracted/1.3.6.1.4.1.14519.5.2.1.1188.2803.145540260846979766323096521632/00000008.dcm,1.3.6.1.4.1.14519.5.2.1.1188.2803.145540260846979766323096521632,LiverUS-73,1.3.6.1.4.1.14519.5.2.1.1188.2803.783873740592354103564726437959,49,multi_frame_cine,True,,"(49, 649, 1170, 3)",uint8,24,649,1170,1.8028,0.0,255.0,27.963422775268555,44.11496353149414,0.0,171.0,171.0,0.4221076475313763,True,qc/week2_preview_frames/LiverUS-73__1.3.6.1.4.1.14519.5.2.1.1188.2803.783873740592354103564726437959__f0024.png
raw/week2_batch/extracted/1.3.6.1.4.1.14519.5.2.1.1188.2803.145540260846979766323096521632/00000009.dcm,1.3.6.1.4.1.14519.5.2.1.1188.2803.145540260846979766323096521632,LiverUS-73,1.3.6.1.4.1.14519.5.2.1.1188.2803.287557979482235632374489533501,59,multi_frame_cine,True,,"(59, 649, 1170, 3)",uint8,29,649,1170,1.8028,0.0,255.0,29.280460357666016,44.52610397338867,0.0,174.0,174.0,0.4261085430576956,True,qc/week2_preview_frames/LiverUS-73__1.3.6.1.4.1.14519.5.2.1.1188.2803.287557979482235632374489533501__f0029.png
raw/week2_batch/extracted/1.3.6.1.4.1.14519.5.2.1.1188.2803.145540260846979766323096521632/00000010.dcm,1.3.6.1.4.1.14519.5.2.1.1188.2803.145540260846979766323096521632,LiverUS-73,1.3.6.1.4.1.14519.5.2.1.1188.2803.238715994915705742505275672670,51,multi_frame_cine,True,,"(51, 649, 1170, 3)",uint8,25,649,1170,1.8028,0.0,255.0,29.74335479736328,45.55831527709961,0.0,175.0,175.0,0.4219377609208117,True,qc/week2_preview_frames/LiverUS-73__1.3.6.1.4.1.14519.5.2.1.1188.2803.238715994915705742505275672670__f0025.png
raw/week2_batch/extracted/1.3.6.1.4.1.14519.5.2.1.1188.2803.156377778121234083968073390093/00000001.dcm,1.3.6.1.4.1.14519.5.2.1.1188.2803.156377778121234083968073390093,LiverUS-107,1.3.6.1.4.1.14519.5.2.1.1188.2803.257112558031668676307949982706,38,multi_frame_cine,True,,"(38, 649, 1170, 3)",uint8,19,649,1170,1.8028,0.0,255.0,34.30328750610352,53.07093811035156,0.0,199.0,199.0,0.4210409176510871,True,qc/week2_preview_frames/LiverUS-107__1.3.6.1.4.1.14519.5.2.1.1188.2803.257112558031668676307949982706__f0019.png
raw/week2_batch/extracted/1.3.6.1.4.1.14519.5.2.1.1188.2803.156377778121234083968073390093/00000002.dcm,1.3.6.1.4.1.14519.5.2.1.1188.2803.156377778121234083968073390093,LiverUS-107,1.3.6.1.4.1.14519.5.2.1.1188.2803.319487205479975788770257808429,41,multi_frame_cine,True,,"(41, 649, 1170, 3)",uint8,20,649,1170,1.8028,0.0,255.0,35.78506851196289,52.93045425415039,0.0,206.0,206.0,0.3914371880473575,True,qc/week2_preview_frames/LiverUS-107__1.3.6.1.4.1.14519.5.2.1.1188.2803.319487205479975788770257808429__f0020.png
raw/week2_batch/extracted/1.3.6.1.4.1.14519.5.2.1.1188.2803.156377778121234083968073390093/00000003.dcm,1.3.6.1.4.1.14519.5.2.1.1188.2803.156377778121234083968073390093,LiverUS-107,1.3.6.1.4.1.14519.5.2.1.1188.2803.170606117732393633701989208437,35,multi_frame_cine,True,,"(35, 649, 1170, 3)",uint8,17,649,1170,1.8028,0.0,255.0,34.792633056640625,53.103546142578125,0.0,198.00001525878903,198.00001525878903,0.4174693479778225,True,qc/week2_preview_frames/LiverUS-107__1.3.6.1.4.1.14519.5.2.1.1188.2803.170606117732393633701989208437__f0017.png
raw/week2_batch/extracted/1.3.6.1.4.1.14519.5.2.1.1188.2803.215326651705313776483552994289/00000001.dcm,1.3.6.1.4.1.14519.5.2.1.1188.2803.215326651705313776483552994289,LiverUS-118,1.3.6.1.4.1.14519.5.2.1.1188.2803.882251008761286979951086309109,45,multi_frame_cine,True,,"(45, 649, 1170, 3)",uint8,22,649,1170,1.8028,0.0,255.0,21.21943664550781,43.25456237792969,0.0,185.9999847412109,185.9999847412109,0.6800218613777936,True,qc/week2_preview_frames/LiverUS-118__1.3.6.1.4.1.14519.5.2.1.1188.2803.882251008761286979951086309109__f0022.png
raw/week2_batch/extracted/1.3.6.1.4.1.14519.5.2.1.1188.2803.215326651705313776483552994289/00000002.dcm,1.3.6.1.4.1.14519.5.2.1.1188.2803.215326651705313776483552994289,LiverUS-118,1.3.6.1.4.1.14519.5.2.1.1188.2803.115983880429854003610588808815,1,single_frame,True,,"(720, 1280, 3)",uint8,0,720,1280,1.7778,0.0,255.0,14.192245483398438,29.667800903320312,0.0,134.0,134.0,0.7401139322916667,True,qc/week2_preview_frames/LiverUS-118__1.3.6.1.4.1.14519.5.2.1.1188.2803.115983880429854003610588808815__f0000.png
raw/week2_batch/extracted/1.3.6.1.4.1.14519.5.2.1.1188.2803.215326651705313776483552994289/00000003.dcm,1.3.6.1.4.1.14519.5.2.1.1188.2803.215326651705313776483552994289,LiverUS-118,1.3.6.1.4.1.14519.5.2.1.1188.2803.134527043347699943950303338946,39,multi_frame_cine,True,,"(39, 649, 1170, 3)",uint8,19,649,1170,1.8028,0.0,255.0,19.195262908935547,39.875732421875,0.0,163.0,163.0,0.6970974411652378,True,qc/week2_preview_frames/LiverUS-118__1.3.6.1.4.1.14519.5.2.1.1188.2803.134527043347699943950303338946__f0019.png
raw/week2_batch/extracted/1.3.6.1.4.1.14519.5.2.1.1188.2803.215326651705313776483552994289/00000004.dcm,1.3.6.1.4.1.14519.5.2.1.1188.2803.215326651705313776483552994289,LiverUS-118,1.3.6.1.4.1.14519.5.2.1.1188.2803.198752724433749675700150539340,53,multi_frame_cine,True,,"(53, 649, 1170, 3)",uint8,26,649,1170,1.8028,0.0,255.0,22.569494247436523,43.85117721557617,0.0,185.9999847412109,185.9999847412109,0.642786403803353,True,qc/week2_preview_frames/LiverUS-118__1.3.6.1.4.1.14519.5.2.1.1188.2803.198752724433749675700150539340__f0026.png
raw/week2_batch/extracted/1.3.6.1.4.1.14519.5.2.1.1188.2803.215326651705313776483552994289/00000005.dcm,1.3.6.1.4.1.14519.5.2.1.1188.2803.215326651705313776483552994289,LiverUS-118,1.3.6.1.4.1.14519.5.2.1.1188.2803.162204071602572566360146655435,1,single_frame,True,,"(720, 1280, 3)",uint8,0,720,1280,1.7778,0.0,255.0,25.06521415710449,51.26494598388672,0.0,190.0,190.0,0.7555490451388889,True,qc/week2_preview_frames/LiverUS-118__1.3.6.1.4.1.14519.5.2.1.1188.2803.162204071602572566360146655435__f0000.png
raw/week2_batch/extracted/1.3.6.1.4.1.14519.5.2.1.1188.2803.215326651705313776483552994289/00000006.dcm,1.3.6.1.4.1.14519.5.2.1.1188.2803.215326651705313776483552994289,LiverUS-118,1.3.6.1.4.1.14519.5.2.1.1188.2803.188984691729175898200951040695,51,multi_frame_cine,True,,"(51, 649, 1170, 3)",uint8,25,649,1170,1.8028,0.0,255.0,21.37765884399414,42.061668395996094,0.0,173.0,173.0,0.6588163249180198,True,qc/week2_preview_frames/LiverUS-118__1.3.6.1.4.1.14519.5.2.1.1188.2803.188984691729175898200951040695__f0025.png
raw/week2_batch/extracted/1.3.6.1.4.1.14519.5.2.1.1188.2803.215326651705313776483552994289/00000007.dcm,1.3.6.1.4.1.14519.5.2.1.1188.2803.215326651705313776483552994289,LiverUS-118,1.3.6.1.4.1.14519.5.2.1.1188.2803.190406271339549987189077128002,36,multi_frame_cine,True,,"(36, 649, 1170, 3)",uint8,18,649,1170,1.8028,0.0,255.0,19.803377151489254,40.70762634277344,0.0,165.0,165.0,0.7058248719265668,True,qc/week2_preview_frames/LiverUS-118__1.3.6.1.4.1.14519.5.2.1.1188.2803.190406271339549987189077128002__f0018.png
raw/week2_batch/extracted/1.3.6.1.4.1.14519.5.2.1.1188.2803.215326651705313776483552994289/00000008.dcm,1.3.6.1.4.1.14519.5.2.1.1188.2803.215326651705313776483552994289,LiverUS-118,1.3.6.1.4.1.14519.5.2.1.1188.2803.876311479981824246819105328846,61,multi_frame_cine,True,,"(61, 649, 1170, 3)",uint8,30,649,1170,1.8028,0.0,255.0,23.67582130432129,43.04291534423828,0.0,178.0,178.0,0.6087076765042867,True,qc/week2_preview_frames/LiverUS-118__1.3.6.1.4.1.14519.5.2.1.1188.2803.876311479981824246819105328846__f0030.png
raw/week2_batch/extracted/1.3.6.1.4.1.14519.5.2.1.1188.2803.215326651705313776483552994289/00000009.dcm,1.3.6.1.4.1.14519.5.2.1.1188.2803.215326651705313776483552994289,LiverUS-118,1.3.6.1.4.1.14519.5.2.1.1188.2803.109742571170363204197772319224,62,multi_frame_cine,True,,"(62, 649, 1170, 3)",uint8,31,649,1170,1.8028,0.0,255.0,19.327953338623047,38.90827941894531,0.0,153.0,153.0,0.6908471942370248,True,qc/week2_preview_frames/LiverUS-118__1.3.6.1.4.1.14519.5.2.1.1188.2803.109742571170363204197772319224__f0031.png
raw/week2_batch/extracted/1.3.6.1.4.1.14519.5.2.1.1188.2803.215326651705313776483552994289/00000010.dcm,1.3.6.1.4.1.14519.5.2.1.1188.2803.215326651705313776483552994289,LiverUS-118,1.3.6.1.4.1.14519.5.2.1.1188.2803.182437475530060176343168315115,1,single_frame,True,,"(720, 1280, 3)",uint8,0,720,1280,1.7778,0.0,255.0,24.392580032348636,50.71833038330078,0.0,188.0,188.0,0.7674891493055556,True,qc/week2_preview_frames/LiverUS-118__1.3.6.1.4.1.14519.5.2.1.1188.2803.182437475530060176343168315115__f0000.png
raw/week2_batch/extracted/1.3.6.1.4.1.14519.5.2.1.1188.2803.215326651705313776483552994289/00000011.dcm,1.3.6.1.4.1.14519.5.2.1.1188.2803.215326651705313776483552994289,LiverUS-118,1.3.6.1.4.1.14519.5.2.1.1188.2803.488139736088450151586896154822,1,single_frame,True,,"(720, 1280, 3)",uint8,0,720,1280,1.7778,0.0,255.0,21.939023971557617,47.73545837402344,0.0,201.0,201.0,0.7708767361111111,True,qc/week2_preview_frames/LiverUS-118__1.3.6.1.4.1.14519.5.2.1.1188.2803.488139736088450151586896154822__f0000.png
raw/week2_batch/extracted/1.3.6.1.4.1.14519.5.2.1.1188.2803.248139523117976115667972626780/00000001.dcm,1.3.6.1.4.1.14519.5.2.1.1188.2803.248139523117976115667972626780,LiverUS-76,1.3.6.1.4.1.14519.5.2.1.1188.2803.174969253745619419973025180448,1,single_frame,True,,"(970, 1552, 3)",uint8,0,970,1552,1.6,0.0,255.0,14.735821723937988,32.81924057006836,0.0,148.3260040283203,148.3260040283203,0.6958437400361356,True,qc/week2_preview_frames/LiverUS-76__1.3.6.1.4.1.14519.5.2.1.1188.2803.174969253745619419973025180448__f0000.png
raw/week2_batch/extracted/1.3.6.1.4.1.14519.5.2.1.1188.2803.248139523117976115667972626780/00000002.dcm,1.3.6.1.4.1.14519.5.2.1.1188.2803.248139523117976115667972626780,LiverUS-76,1.3.6.1.4.1.14519.5.2.1.1188.2803.205915123539142653265160601357,1,single_frame,True,,"(970, 1552, 3)",uint8,0,970,1552,1.6,0.0,255.0,17.89142417907715,34.92692565917969,0.0,142.78199768066406,142.78199768066406,0.6397677755340632,True,qc/week2_preview_frames/LiverUS-76__1.3.6.1.4.1.14519.5.2.1.1188.2803.205915123539142653265160601357__f0000.png
raw/week2_batch/extracted/1.3.6.1.4.1.14519.5.2.1.1188.2803.248139523117976115667972626780/00000003.dcm,1.3.6.1.4.1.14519.5.2.1.1188.2803.248139523117976115667972626780,LiverUS-76,1.3.6.1.4.1.14519.5.2.1.1188.2803.623361580928781461412796395560,1,single_frame,True,,"(970, 1552, 3)",uint8,0,970,1552,1.6,0.0,255.0,14.95778751373291,33.147216796875,0.0,150.0,150.0,0.7053977574662557,True,qc/week2_preview_frames/LiverUS-76__1.3.6.1.4.1.14519.5.2.1.1188.2803.623361580928781461412796395560__f0000.png
raw/week2_batch/extracted/1.3.6.1.4.1.14519.5.2.1.1188.2803.248139523117976115667972626780/00000004.dcm,1.3.6.1.4.1.14519.5.2.1.1188.2803.248139523117976115667972626780,LiverUS-76,1.3.6.1.4.1.14519.5.2.1.1188.2803.104368106480902013437534892930,1,single_frame,True,,"(970, 1552, 3)",uint8,0,970,1552,1.6,0.0,255.0,19.4267635345459,36.50312805175781,0.0,153.79901123046875,153.79901123046875,0.6287298065681795,True,qc/week2_preview_frames/LiverUS-76__1.3.6.1.4.1.14519.5.2.1.1188.2803.104368106480902013437534892930__f0000.png
raw/week2_batch/extracted/1.3.6.1.4.1.14519.5.2.1.1188.2803.248139523117976115667972626780/00000005.dcm,1.3.6.1.4.1.14519.5.2.1.1188.2803.248139523117976115667972626780,LiverUS-76,1.3.6.1.4.1.14519.5.2.1.1188.2803.400752153753618596994100055289,1,single_frame,True,,"(970, 1552, 3)",uint8,0,970,1552,1.6,0.0,255.0,16.26027488708496,33.44383239746094,0.0,142.78199768066406,142.78199768066406,0.6788507014560528,True,qc/week2_preview_frames/LiverUS-76__1.3.6.1.4.1.14519.5.2.1.1188.2803.400752153753618596994100055289__f0000.png
raw/week2_batch/extracted/1.3.6.1.4.1.14519.5.2.1.1188.2803.248139523117976115667972626780/00000006.dcm,1.3.6.1.4.1.14519.5.2.1.1188.2803.248139523117976115667972626780,LiverUS-76,1.3.6.1.4.1.14519.5.2.1.1188.2803.188887581457587487980392861293,1,single_frame,True,,"(970, 1552, 3)",uint8,0,970,1552,1.6,0.0,255.0,15.814687728881836,34.237098693847656,0.0,162.0,162.0,0.6972818577957275,True,qc/week2_preview_frames/LiverUS-76__1.3.6.1.4.1.14519.5.2.1.1188.2803.188887581457587487980392861293__f0000.png
raw/week2_batch/extracted/1.3.6.1.4.1.14519.5.2.1.1188.2803.248139523117976115667972626780/00000007.dcm,1.3.6.1.4.1.14519.5.2.1.1188.2803.248139523117976115667972626780,LiverUS-76,1.3.6.1.4.1.14519.5.2.1.1188.2803.315028650748298491022038673371,1,single_frame,True,,"(970, 1552, 3)",uint8,0,970,1552,1.6,0.0,255.0,19.48052215576172,36.22822570800781,0.0,153.38600158691406,153.38600158691406,0.6220792592198958,True,qc/week2_preview_frames/LiverUS-76__1.3.6.1.4.1.14519.5.2.1.1188.2803.315028650748298491022038673371__f0000.png
raw/week2_batch/extracted/1.3.6.1.4.1.14519.5.2.1.1188.2803.248139523117976115667972626780/00000008.dcm,1.3.6.1.4.1.14519.5.2.1.1188.2803.248139523117976115667972626780,LiverUS-76,1.3.6.1.4.1.14519.5.2.1.1188.2803.314163905756042815784969932028,1,single_frame,True,,"(970, 1552, 3)",uint8,0,970,1552,1.6,0.0,255.0,18.138206481933597,35.51980209350586,0.0,150.09800720214844,150.09800720214844,0.6510574981400786,True,qc/week2_preview_frames/LiverUS-76__1.3.6.1.4.1.14519.5.2.1.1188.2803.314163905756042815784969932028__f0000.png
raw/week2_batch/extracted/1.3.6.1.4.1.14519.5.2.1.1188.2803.248139523117976115667972626780/00000009.dcm,1.3.6.1.4.1.14519.5.2.1.1188.2803.248139523117976115667972626780,LiverUS-76,1.3.6.1.4.1.14519.5.2.1.1188.2803.489436202180127004301616460439,1,single_frame,True,,"(970, 1552, 3)",uint8,0,970,1552,1.6,0.0,255.0,17.760540008544922,35.9910888671875,0.0,153.79901123046875,153.79901123046875,0.6779891593155489,True,qc/week2_preview_frames/LiverUS-76__1.3.6.1.4.1.14519.5.2.1.1188.2803.489436202180127004301616460439__f0000.png
raw/week2_batch/extracted/1.3.6.1.4.1.14519.5.2.1.1188.2803.248139523117976115667972626780/00000010.dcm,1.3.6.1.4.1.14519.5.2.1.1188.2803.248139523117976115667972626780,LiverUS-76,1.3.6.1.4.1.14519.5.2.1.1188.2803.247473207960009937257373748673,1,single_frame,True,,"(970, 1552, 3)",uint8,0,970,1552,1.6,0.0,255.0,15.745112419128418,33.12186813354492,0.0,147.99998474121094,147.99998474121094,0.6678034328834095,True,qc/week2_preview_frames/LiverUS-76__1.3.6.1.4.1.14519.5.2.1.1188.2803.247473207960009937257373748673__f0000.png
raw/week2_batch/extracted/1.3.6.1.4.1.14519.5.2.1.1188.2803.248139523117976115667972626780/00000011.dcm,1.3.6.1.4.1.14519.5.2.1.1188.2803.248139523117976115667972626780,LiverUS-76,1.3.6.1.4.1.14519.5.2.1.1188.2803.192509664697680703314456766223,1,single_frame,True,,"(970, 1552, 3)",uint8,0,970,1552,1.6,0.0,255.0,19.62338256835937,36.89365768432617,0.0,153.79901123046875,153.79901123046875,0.6330773727282389,True,qc/week2_preview_frames/LiverUS-76__1.3.6.1.4.1.14519.5.2.1.1188.2803.192509664697680703314456766223__f0000.png
raw/week2_batch/extracted/1.3.6.1.4.1.14519.5.2.1.1188.2803.248139523117976115667972626780/00000012.dcm,1.3.6.1.4.1.14519.5.2.1.1188.2803.248139523117976115667972626780,LiverUS-76,1.3.6.1.4.1.14519.5.2.1.1188.2803.908001251556266698713160573550,1,single_frame,True,,"(970, 1552)",uint8,0,970,1552,1.6,0.0,255.0,19.02729797363281,39.20882034301758,0.0,163.0,163.0,0.7146515304495695,True,qc/week2_preview_frames/LiverUS-76__1.3.6.1.4.1.14519.5.2.1.1188.2803.908001251556266698713160573550__f0000.png
raw/week2_batch/extracted/1.3.6.1.4.1.14519.5.2.1.1188.2803.248139523117976115667972626780/00000013.dcm,1.3.6.1.4.1.14519.5.2.1.1188.2803.248139523117976115667972626780,LiverUS-76,1.3.6.1.4.1.14519.5.2.1.1188.2803.128751311624269700442125394179,249,multi_frame_cine,True,,"(249, 899, 1442, 3)",uint8,124,899,1442,1.604,0.0,255.0,17.45310401916504,35.973731994628906,0.0,164.0,164.0,0.6176187442049187,True,qc/week2_preview_frames/LiverUS-76__1.3.6.1.4.1.14519.5.2.1.1188.2803.128751311624269700442125394179__f0124.png
raw/week2_batch/extracted/1.3.6.1.4.1.14519.5.2.1.1188.2803.248139523117976115667972626780/00000014.dcm,1.3.6.1.4.1.14519.5.2.1.1188.2803.248139523117976115667972626780,LiverUS-76,1.3.6.1.4.1.14519.5.2.1.1188.2803.238999960189543610143264345214,1,single_frame,True,,"(970, 1552, 3)",uint8,0,970,1552,1.6,0.0,255.0,17.524063110351562,35.016788482666016,0.0,150.0,150.0,0.6633422786693591,True,qc/week2_preview_frames/LiverUS-76__1.3.6.1.4.1.14519.5.2.1.1188.2803.238999960189543610143264345214__f0000.png
raw/week2_batch/extracted/1.3.6.1.4.1.14519.5.2.1.1188.2803.282451098878577561426112396121/00000001.dcm,1.3.6.1.4.1.14519.5.2.1.1188.2803.282451098878577561426112396121,LiverUS-110,1.3.6.1.4.1.14519.5.2.1.1188.2803.944192085663121583300360288856,1,single_frame,True,,"(720, 960, 3)",uint8,0,720,960,1.3333,0.0,255.0,28.294687271118164,41.16651916503906,0.0,164.0,164.0,0.5746064814814815,False,qc/week2_preview_frames/LiverUS-110__1.3.6.1.4.1.14519.5.2.1.1188.2803.944192085663121583300360288856__f0000.png
raw/week2_batch/extracted/1.3.6.1.4.1.14519.5.2.1.1188.2803.282451098878577561426112396121/00000002.dcm,1.3.6.1.4.1.14519.5.2.1.1188.2803.282451098878577561426112396121,LiverUS-110,1.3.6.1.4.1.14519.5.2.1.1188.2803.113747877354815840525572061301,1,single_frame,True,,"(720, 960, 3)",uint8,0,720,960,1.3333,0.0,255.0,30.372364044189453,42.68716812133789,0.0,162.01998901367188,162.01998901367188,0.5504803240740741,False,qc/week2_preview_frames/LiverUS-110__1.3.6.1.4.1.14519.5.2.1.1188.2803.113747877354815840525572061301__f0000.png
raw/week2_batch/extracted/1.3.6.1.4.1.14519.5.2.1.1188.2803.282451098878577561426112396121/00000003.dcm,1.3.6.1.4.1.14519.5.2.1.1188.2803.282451098878577561426112396121,LiverUS-110,1.3.6.1.4.1.14519.5.2.1.1188.2803.176936953711668281073280293789,1,single_frame,True,,"(720, 960, 3)",uint8,0,720,960,1.3333,0.0,255.0,31.366079330444336,43.88493347167969,0.0,172.0,172.0,0.535306712962963,False,qc/week2_preview_frames/LiverUS-110__1.3.6.1.4.1.14519.5.2.1.1188.2803.176936953711668281073280293789__f0000.png
raw/week2_batch/extracted/1.3.6.1.4.1.14519.5.2.1.1188.2803.282451098878577561426112396121/00000004.dcm,1.3.6.1.4.1.14519.5.2.1.1188.2803.282451098878577561426112396121,LiverUS-110,1.3.6.1.4.1.14519.5.2.1.1188.2803.979462896358811098444337073310,40,multi_frame_cine,True,,"(40, 649, 1170, 3)",uint8,20,649,1170,1.8028,0.0,255.0,47.69227981567383,68.3328857421875,0.0,230.0,230.0,0.5247586688264655,True,qc/week2_preview_frames/LiverUS-110__1.3.6.1.4.1.14519.5.2.1.1188.2803.979462896358811098444337073310__f0020.png
raw/week2_batch/extracted/1.3.6.1.4.1.14519.5.2.1.1188.2803.282451098878577561426112396121/00000005.dcm,1.3.6.1.4.1.14519.5.2.1.1188.2803.282451098878577561426112396121,LiverUS-110,1.3.6.1.4.1.14519.5.2.1.1188.2803.632712339287292340226531209114,58,multi_frame_cine,True,,"(58, 649, 1170, 3)",uint8,29,649,1170,1.8028,0.0,255.0,50.25065231323242,66.96577453613281,0.0,223.0,223.0,0.4276427903546547,True,qc/week2_preview_frames/LiverUS-110__1.3.6.1.4.1.14519.5.2.1.1188.2803.632712339287292340226531209114__f0029.png
raw/week2_batch/extracted/1.3.6.1.4.1.14519.5.2.1.1188.2803.282451098878577561426112396121/00000006.dcm,1.3.6.1.4.1.14519.5.2.1.1188.2803.282451098878577561426112396121,LiverUS-110,1.3.6.1.4.1.14519.5.2.1.1188.2803.573227724537775156764895012748,1,single_frame,True,,"(720, 960, 3)",uint8,0,720,960,1.3333,0.0,255.0,29.338653564453125,43.30534744262695,0.0,183.0,183.0,0.5647945601851851,False,qc/week2_preview_frames/LiverUS-110__1.3.6.1.4.1.14519.5.2.1.1188.2803.573227724537775156764895012748__f0000.png
raw/week2_batch/extracted/1.3.6.1.4.1.14519.5.2.1.1188.2803.282451098878577561426112396121/00000007.dcm,1.3.6.1.4.1.14519.5.2.1.1188.2803.282451098878577561426112396121,LiverUS-110,1.3.6.1.4.1.14519.5.2.1.1188.2803.199317211035425875396744633691,56,multi_frame_cine,True,,"(56, 649, 1170, 3)",uint8,28,649,1170,1.8028,0.0,255.0,49.899173736572266,70.52135467529297,0.0,231.0,231.0,0.511770903296327,True,qc/week2_preview_frames/LiverUS-110__1.3.6.1.4.1.14519.5.2.1.1188.2803.199317211035425875396744633691__f0028.png
raw/week2_batch/extracted/1.3.6.1.4.1.14519.5.2.1.1188.2803.282451098878577561426112396121/00000008.dcm,1.3.6.1.4.1.14519.5.2.1.1188.2803.282451098878577561426112396121,LiverUS-110,1.3.6.1.4.1.14519.5.2.1.1188.2803.775974643413852707919536555197,59,multi_frame_cine,True,,"(59, 649, 1170, 3)",uint8,29,649,1170,1.8028,0.0,255.0,50.36636352539063,71.23165893554688,0.0,239.8109893798828,239.8109893798828,0.5091356854068718,True,qc/week2_preview_frames/LiverUS-110__1.3.6.1.4.1.14519.5.2.1.1188.2803.775974643413852707919536555197__f0029.png
raw/week2_batch/extracted/1.3.6.1.4.1.14519.5.2.1.1188.2803.627170630623346873092019565744/00000001.dcm,1.3.6.1.4.1.14519.5.2.1.1188.2803.627170630623346873092019565744,LiverUS-106,1.3.6.1.4.1.14519.5.2.1.1188.2803.120466196627538514118484213040,75,multi_frame_cine,True,,"(75, 649, 1170, 3)",uint8,37,649,1170,1.8028,0.0,255.0,18.54888343811035,39.63481903076172,0.0,172.0,172.0,0.5471784336191116,True,qc/week2_preview_frames/LiverUS-106__1.3.6.1.4.1.14519.5.2.1.1188.2803.120466196627538514118484213040__f0037.png
raw/week2_batch/extracted/1.3.6.1.4.1.14519.5.2.1.1188.2803.627170630623346873092019565744/00000002.dcm,1.3.6.1.4.1.14519.5.2.1.1188.2803.627170630623346873092019565744,LiverUS-106,1.3.6.1.4.1.14519.5.2.1.1188.2803.132048047837672121260037347061,103,multi_frame_cine,True,,"(103, 649, 1170, 3)",uint8,51,649,1170,1.8028,0.0,255.0,18.610408782958984,39.819114685058594,0.0,173.0,173.0,0.5467398891127705,True,qc/week2_preview_frames/LiverUS-106__1.3.6.1.4.1.14519.5.2.1.1188.2803.132048047837672121260037347061__f0051.png
raw/week2_batch/extracted/1.3.6.1.4.1.14519.5.2.1.1188.2803.627170630623346873092019565744/00000003.dcm,1.3.6.1.4.1.14519.5.2.1.1188.2803.627170630623346873092019565744,LiverUS-106,1.3.6.1.4.1.14519.5.2.1.1188.2803.278860334838430509945355919813,94,multi_frame_cine,True,,"(94, 649, 1170, 3)",uint8,47,649,1170,1.8028,0.0,255.0,19.366886138916016,40.09605407714844,0.0,172.93174743652344,172.93174743652344,0.534414549668787,True,qc/week2_preview_frames/LiverUS-106__1.3.6.1.4.1.14519.5.2.1.1188.2803.278860334838430509945355919813__f0047.png
raw/week2_batch/extracted/1.3.6.1.4.1.14519.5.2.1.1188.2803.627170630623346873092019565744/00000004.dcm,1.3.6.1.4.1.14519.5.2.1.1188.2803.627170630623346873092019565744,LiverUS-106,1.3.6.1.4.1.14519.5.2.1.1188.2803.304516682945558916403690973956,59,multi_frame_cine,True,,"(59, 649, 1170, 3)",uint8,29,649,1170,1.8028,0.0,255.0,19.07737922668457,40.05125045776367,0.0,172.91099548339844,172.91099548339844,0.540670064398878,True,qc/week2_preview_frames/LiverUS-106__1.3.6.1.4.1.14519.5.2.1.1188.2803.304516682945558916403690973956__f0029.png
