item_id,pair_id,PatientID,dataset_split,augmentation_index,panel_a_path,panel_b_path,seed,angle,scale,tx,ty,gamma,gain,offset,speckle_sigma,panel_a_output_min,panel_a_output_max,panel_a_output_mean,panel_a_output_std,panel_b_output_min,panel_b_output_max,panel_b_output_mean,panel_b_output_std
W2PAIR_0001__aug_01,W2PAIR_0001,LiverUS-102,train,1,/kaggle/working/project_rooting_week4/derived/augmented_pairs/train/LiverUS-102/W2PAIR_0001/aug_01/panel_a_augmented.png,/kaggle/working/project_rooting_week4/derived/augmented_pairs/train/LiverUS-102/W2PAIR_0001/aug_01/panel_b_augmented.png,3080353866,-3.16985954023615,0.9598784521526814,0,5,0.9576765487709872,1.0674099312840606,6.502934261881627,0.03013352312204305,5,255,89.05828857421875,70.75548123402817,5,255,50.184478759765625,64.83605513122906
W2PAIR_0001__aug_02,W2PAIR_0001,LiverUS-102,train,2,/kaggle/working/project_rooting_week4/derived/augmented_pairs/train/LiverUS-102/W2PAIR_0001/aug_02/panel_a_augmented.png,/kaggle/working/project_rooting_week4/derived/augmented_pairs/train/LiverUS-102/W2PAIR_0001/aug_02/panel_b_augmented.png,156789339,-5.015575624211918,0.9539902870122084,0,-8,0.9209269591436937,1.0840783999145176,7.714339730612533,0.043899987447471235,6,255,92.29353332519531,73.19930768747925,6,255,52.7548828125,66.63524057296361
W2PAIR_0001__aug_03,W2PAIR_0001,LiverUS-102,train,3,/kaggle/working/project_rooting_week4/derived/augmented_pairs/train/LiverUS-102/W2PAIR_0001/aug_03/panel_a_augmented.png,/kaggle/working/project_rooting_week4/derived/augmented_pairs/train/LiverUS-102/W2PAIR_0001/aug_03/panel_b_augmented.png,3802118376,-2.981299601048759,0.9818996534695172,2,-2,1.130646428843713,0.9541833810196879,-8.164457483802538,0.0449289535116461,0,255,62.608642578125,55.35843846021227,0,254,31.702377319335938,51.522587812485
W2PAIR_0002__aug_01,W2PAIR_0002,LiverUS-102,train,1,/kaggle/working/project_rooting_week4/derived/augmented_pairs/train/LiverUS-102/W2PAIR_0002/aug_01/panel_a_augmented.png,/kaggle/working/project_rooting_week4/derived/augmented_pairs/train/LiverUS-102/W2PAIR_0002/aug_01/panel_b_augmented.png,3005809900,-2.417631302162377,1.042580544920464,-8,1,0.9383449303658936,0.9885288595798407,4.96911489647095,0.002276862634557175,4,255,96.28067016601562,62.940030738593514,4,255,52.95185852050781,63.50136211630024
W2PAIR_0002__aug_02,W2PAIR_0002,LiverUS-102,train,2,/kaggle/working/project_rooting_week4/derived/augmented_pairs/train/LiverUS-102/W2PAIR_0002/aug_02/panel_a_augmented.png,/kaggle/working/project_rooting_week4/derived/augmented_pairs/train/LiverUS-102/W2PAIR_0002/aug_02/panel_b_augmented.png,1194385833,-1.5847376979368004,1.005418265803785,-6,-2,1.1299920904403091,0.9180050241091103,2.9076878193134803,0.04516532946934245,2,255,71.48622131347656,55.971511346082075,2,255,38.43910217285156,53.133164721387686
W2PAIR_0002__aug_03,W2PAIR_0002,LiverUS-102,train,3,/kaggle/working/project_rooting_week4/derived/augmented_pairs/train/LiverUS-102/W2PAIR_0002/aug_03/panel_a_augmented.png,/kaggle/working/project_rooting_week4/derived/augmented_pairs/train/LiverUS-102/W2PAIR_0002/aug_03/panel_b_augmented.png,1911583019,2.909842080087559,0.9830443585762461,-4,-4,0.9926676657619503,0.9163825749005629,7.11622336919379,0.0068280428414814855,6,246,79.83705139160156,59.30269431566917,6,241,45.480133056640625,55.48546652449883
W2PAIR_0003__aug_01,W2PAIR_0003,LiverUS-102,train,1,/kaggle/working/project_rooting_week4/derived/augmented_pairs/train/LiverUS-102/W2PAIR_0003/aug_01/panel_a_augmented.png,/kaggle/working/project_rooting_week4/derived/augmented_pairs/train/LiverUS-102/W2PAIR_0003/aug_01/panel_b_augmented.png,2103245434,6.608560739570326,1.034209452005091,-2,-4,0.8800518172727331,1.0912834259184472,-2.4222226365651363,0.04501576129743587,0,255,101.92927551269531,70.21565000754082,0,255,54.11346435546875,70.42510604108901
W2PAIR_0003__aug_02,W2PAIR_0003,LiverUS-102,train,2,/kaggle/working/project_rooting_week4/derived/augmented_pairs/train/LiverUS-102/W2PAIR_0003/aug_02/panel_a_augmented.png,/kaggle/working/project_rooting_week4/derived/augmented_pairs/train/LiverUS-102/W2PAIR_0003/aug_02/panel_b_augmented.png,4003145929,-5.826823477533366,1.0155090668899052,-2,5,0.8753446835648412,1.0534240936994812,2.596019377036214,0.030430244119914164,2,255,99.32101440429688,70.27034570773824,2,255,54.37054443359375,68.4971457338056
W2PAIR_0003__aug_03,W2PAIR_0003,LiverUS-102,train,3,/kaggle/working/project_rooting_week4/derived/augmented_pairs/train/LiverUS-102/W2PAIR_0003/aug_03/panel_a_augmented.png,/kaggle/working/project_rooting_week4/derived/augmented_pairs/train/LiverUS-102/W2PAIR_0003/aug_03/panel_b_augmented.png,627880948,3.1634816529280556,1.0145451946808912,2,8,0.900381963398511,1.0151767948242532,3.8021590808939276,0.006559788286941148,3,255,95.33540344238281,67.18220301804628,3,255,52.547607421875,65.35562499804394
W2PAIR_0004__aug_01,W2PAIR_0004,LiverUS-102,train,1,/kaggle/working/project_rooting_week4/derived/augmented_pairs/train/LiverUS-102/W2PAIR_0004/aug_01/panel_a_augmented.png,/kaggle/working/project_rooting_week4/derived/augmented_pairs/train/LiverUS-102/W2PAIR_0004/aug_01/panel_b_augmented.png,4272472022,3.752226930517974,1.045138359809498,-1,5,0.8952319149551231,0.9544932739371026,-7.83648320491479,0.03719675537206195,0,255,85.93962097167969,58.66442119349398,0,255,44.672088623046875,59.682236196297
W2PAIR_0004__aug_02,W2PAIR_0004,LiverUS-102,train,2,/kaggle/working/project_rooting_week4/derived/augmented_pairs/train/LiverUS-102/W2PAIR_0004/aug_02/panel_a_augmented.png,/kaggle/working/project_rooting_week4/derived/augmented_pairs/train/LiverUS-102/W2PAIR_0004/aug_02/panel_b_augmented.png,2461047955,-2.140508246449814,0.9703091313735025,-5,7,1.0034126887827421,0.9982099245229499,6.13405228790516,0.016904965067929312,5,255,82.23599243164062,64.77085041649309,5,255,46.233734130859375,59.67624004922489
W2PAIR_0004__aug_03,W2PAIR_0004,LiverUS-102,train,3,/kaggle/working/project_rooting_week4/derived/augmented_pairs/train/LiverUS-102/W2PAIR_0004/aug_03/panel_a_augmented.png,/kaggle/working/project_rooting_week4/derived/augmented_pairs/train/LiverUS-102/W2PAIR_0004/aug_03/panel_b_augmented.png,2797107536,6.748702930520441,1.041480282019281,-3,-7,1.0375757526844513,0.9041651748328482,5.730318140786304,0.016652088698179746,5,251,83.45628356933594,55.41073147949267,5,242,46.199798583984375,55.501779316375526
W2PAIR_0005__aug_01,W2PAIR_0005,LiverUS-102,train,1,/kaggle/working/project_rooting_week4/derived/augmented_pairs/train/LiverUS-102/W2PAIR_0005/aug_01/panel_a_augmented.png,/kaggle/working/project_rooting_week4/derived/augmented_pairs/train/LiverUS-102/W2PAIR_0005/aug_01/panel_b_augmented.png,2066972741,1.7126282417512915,1.0404627125002186,7,5,1.0235371554853476,0.9934275898201568,-9.586973996020475,0.03747262309077295,0,255,78.68113708496094,57.987656920485556,0,255,40.03874206542969,57.869953323893334
W2PAIR_0005__aug_02,W2PAIR_0005,LiverUS-102,train,2,/kaggle/working/project_rooting_week4/derived/augmented_pairs/train/LiverUS-102/W2PAIR_0005/aug_02/panel_a_augmented.png,/kaggle/working/project_rooting_week4/derived/augmented_pairs/train/LiverUS-102/W2PAIR_0005/aug_02/panel_b_augmented.png,3124796832,-3.984633545068471,0.9975572829108579,-8,3,1.1251243619824498,1.0263854074831888,-7.092875503758491,0.01429284799869096,0,255,71.05033874511719,59.9547750971774,0,255,36.09751892089844,56.57001684079371
W2PAIR_0005__aug_03,W2PAIR_0005,LiverUS-102,train,3,/kaggle/working/project_rooting_week4/derived/augmented_pairs/train/LiverUS-102/W2PAIR_0005/aug_03/panel_a_augmented.png,/kaggle/working/project_rooting_week4/derived/augmented_pairs/train/LiverUS-102/W2PAIR_0005/aug_03/panel_b_augmented.png,2788737251,4.155341254863934,1.0155922189883593,-7,4,1.133858852633331,1.03324554891377,-9.764085435348646,0.029631842212631095,0,255,71.98095703125,58.69641555608757,0,255,36.366455078125,56.677996724712294
W2PAIR_0006__aug_01,W2PAIR_0006,LiverUS-102,train,1,/kaggle/working/project_rooting_week4/derived/augmented_pairs/train/LiverUS-102/W2PAIR_0006/aug_01/panel_a_augmented.png,/kaggle/working/project_rooting_week4/derived/augmented_pairs/train/LiverUS-102/W2PAIR_0006/aug_01/panel_b_augmented.png,2039579427,-5.187940369802711,0.9903755361803079,1,-8,0.8762748985565662,0.9512513845961833,1.249698612200108,0.03097772138134482,1,255,84.70196533203125,64.72896876973199,1,255,45.92079162597656,61.12065197408799
W2PAIR_0006__aug_02,W2PAIR_0006,LiverUS-102,train,2,/kaggle/working/project_rooting_week4/derived/augmented_pairs/train/LiverUS-102/W2PAIR_0006/aug_02/panel_a_augmented.png,/kaggle/working/project_rooting_week4/derived/augmented_pairs/train/LiverUS-102/W2PAIR_0006/aug_02/panel_b_augmented.png,45260133,5.42627699288211,0.9794599104251203,7,-8,0.895935554966361,1.0866437054670561,6.115341227980586,0.020309102884593158,5,255,97.64567565917969,73.19203879359065,5,255,55.0511474609375,68.46572046691999
W2PAIR_0006__aug_03,W2PAIR_0006,LiverUS-102,train,3,/kaggle/working/project_rooting_week4/derived/augmented_pairs/train/LiverUS-102/W2PAIR_0006/aug_03/panel_a_augmented.png,/kaggle/working/project_rooting_week4/derived/augmented_pairs/train/LiverUS-102/W2PAIR_0006/aug_03/panel_b_augmented.png,290799448,-1.41715614257215,0.9984514449613873,-5,-2,0.9641672266617887,0.9925507453733711,0.3103239744429196,0.02408349572390572,0,255,83.22077941894531,65.02961837196527,0,255,44.15461730957031,62.63883922962999
W2PAIR_0007__aug_01,W2PAIR_0007,LiverUS-102,train,1,/kaggle/working/project_rooting_week4/derived/augmented_pairs/train/LiverUS-102/W2PAIR_0007/aug_01/panel_a_augmented.png,/kaggle/working/project_rooting_week4/derived/augmented_pairs/train/LiverUS-102/W2PAIR_0007/aug_01/panel_b_augmented.png,443840554,2.8996204305285094,1.0006524817076485,5,8,0.9084646012366401,0.9496532623486151,4.608541564424932,0.046000314020020784,3,255,87.10966491699219,63.994351714544074,3,255,48.442657470703125,61.5366516695503
W2PAIR_0007__aug_02,W2PAIR_0007,LiverUS-102,train,2,/kaggle/working/project_rooting_week4/derived/augmented_pairs/train/LiverUS-102/W2PAIR_0007/aug_02/panel_a_augmented.png,/kaggle/working/project_rooting_week4/derived/augmented_pairs/train/LiverUS-102/W2PAIR_0007/aug_02/panel_b_augmented.png,4187186323,-5.274988285778727,1.0462918391562086,-8,6,1.0953756813695161,0.9547595502540409,6.320720328884256,0.03530911082326743,5,255,85.47200012207031,57.28079856052502,5,255,47.31184387207031,57.433167980560164
W2PAIR_0007__aug_03,W2PAIR_0007,LiverUS-102,train,3,/kaggle/working/project_rooting_week4/derived/augmented_pairs/train/LiverUS-102/W2PAIR_0007/aug_03/panel_a_augmented.png,/kaggle/working/project_rooting_week4/derived/augmented_pairs/train/LiverUS-102/W2PAIR_0007/aug_03/panel_b_augmented.png,228278608,3.769426366729517,0.9756691853397401,-8,-5,1.0957376569634136,0.9506350382548562,-4.763435430801717,0.03949090499042973,0,255,65.8172607421875,57.33023372864646,0,252,33.75347900390625,53.199366780404304
W2PAIR_0012__aug_01,W2PAIR_0012,LiverUS-107,train,1,/kaggle/working/project_rooting_week4/derived/augmented_pairs/train/LiverUS-107/W2PAIR_0012/aug_01/panel_a_augmented.png,/kaggle/working/project_rooting_week4/derived/augmented_pairs/train/LiverUS-107/W2PAIR_0012/aug_01/panel_b_augmented.png,3757304722,0.770097835137042,1.0441105170954992,2,-3,0.952854236379614,1.0623749531490638,9.780975528467877,0.006205308791622899,9,255,106.89093017578125,66.57322004721632,9,255,61.193603515625,67.39750355685524
W2PAIR_0012__aug_02,W2PAIR_0012,LiverUS-107,train,2,/kaggle/working/project_rooting_week4/derived/augmented_pairs/train/LiverUS-107/W2PAIR_0012/aug_02/panel_a_augmented.png,/kaggle/working/project_rooting_week4/derived/augmented_pairs/train/LiverUS-107/W2PAIR_0012/aug_02/panel_b_augmented.png,4093364303,-3.56209966916766,1.0078642781116154,6,-1,1.0935436934843819,0.9070301288791222,7.1950971751365564,0.010681426433081804,6,244,77.376953125,55.614579945666755,6,242,43.792877197265625,53.401594484659
W2PAIR_0012__aug_03,W2PAIR_0012,LiverUS-107,train,3,/kaggle/working/project_rooting_week4/derived/augmented_pairs/train/LiverUS-107/W2PAIR_0012/aug_03/panel_a_augmented.png,/kaggle/working/project_rooting_week4/derived/augmented_pairs/train/LiverUS-107/W2PAIR_0012/aug_03/panel_b_augmented.png,3307571845,-0.3869260602942237,1.025299892138655,8,-8,0.900651104269082,1.0092173646490652,1.5953277223585243,0.047921961487830206,1,255,94.05155944824219,66.3744297361571,1,255,50.889251708984375,65.22720116206989
W2PAIR_0013__aug_01,W2PAIR_0013,LiverUS-107,train,1,/kaggle/working/project_rooting_week4/derived/augmented_pairs/train/LiverUS-107/W2PAIR_0013/aug_01/panel_a_augmented.png,/kaggle/working/project_rooting_week4/derived/augmented_pairs/train/LiverUS-107/W2PAIR_0013/aug_01/panel_b_augmented.png,2746816197,-6.492850313885096,1.0471015455027919,-3,0,1.1282786418767965,1.0866364177775765,-9.380131873115623,0.018045688925659952,0,255,81.23924255371094,60.880644289134,0,255,41.02439880371094,61.18925209989951
W2PAIR_0013__aug_02,W2PAIR_0013,LiverUS-107,train,2,/kaggle/working/project_rooting_week4/derived/augmented_pairs/train/LiverUS-107/W2PAIR_0013/aug_02/panel_a_augmented.png,/kaggle/working/project_rooting_week4/derived/augmented_pairs/train/LiverUS-107/W2PAIR_0013/aug_02/panel_b_augmented.png,4131033215,2.676402331482917,0.9895540654142352,4,6,1.094026288374389,1.044219292448144,8.018123974084439,0.04723087068108212,6,255,85.51777648925781,64.56236283801034,6,255,48.407806396484375,60.76734594621756
W2PAIR_0013__aug_03,W2PAIR_0013,LiverUS-107,train,3,/kaggle/working/project_rooting_week4/derived/augmented_pairs/train/LiverUS-107/W2PAIR_0013/aug_03/panel_a_augmented.png,/kaggle/working/project_rooting_week4/derived/augmented_pairs/train/LiverUS-107/W2PAIR_0013/aug_03/panel_b_augmented.png,1830385213,-0.7444108848662561,1.0061604512150346,7,-8,0.9193284811098159,1.0370726445556873,-6.129431315495868,0.037835491994022336,0,255,86.61433410644531,66.06678182616737,0,255,45.213958740234375,63.71701547286098
W2PAIR_0014__aug_01,W2PAIR_0014,LiverUS-107,train,1,/kaggle/working/project_rooting_week4/derived/augmented_pairs/train/LiverUS-107/W2PAIR_0014/aug_01/panel_a_augmented.png,/kaggle/working/project_rooting_week4/derived/augmented_pairs/train/LiverUS-107/W2PAIR_0014/aug_01/panel_b_augmented.png,924017734,-1.720692666813,0.9703176289520611,6,-3,0.9303390309477189,0.9160617999933713,5.400719978681552,0.04182377504128198,4,255,78.9576416015625,61.7354657957327,4,255,44.444976806640625,56.77690872435638
W2PAIR_0014__aug_02,W2PAIR_0014,LiverUS-107,train,2,/kaggle/working/project_rooting_week4/derived/augmented_pairs/train/LiverUS-107/W2PAIR_0014/aug_02/panel_a_augmented.png,/kaggle/working/project_rooting_week4/derived/augmented_pairs/train/LiverUS-107/W2PAIR_0014/aug_02/panel_b_augmented.png,1260077315,-1.1182663357387348,0.9942957746753641,-8,5,0.920808917994914,1.0005116940035692,7.267118694369195,0.04205793560482529,5,255,92.76852416992188,66.68044019965215,6,255,52.76429748535156,63.10687685861979
W2PAIR_0014__aug_03,W2PAIR_0014,LiverUS-107,train,3,/kaggle/working/project_rooting_week4/derived/augmented_pairs/train/LiverUS-107/W2PAIR_0014/aug_03/panel_a_augmented.png,/kaggle/working/project_rooting_week4/derived/augmented_pairs/train/LiverUS-107/W2PAIR_0014/aug_03/panel_b_augmented.png,1845891537,-2.1719638595342214,0.9632806658989639,-3,3,0.8624792956041496,0.9358999293011886,8.393297591958813,0.011634918498208458,7,255,86.74208068847656,65.0719604520794,7,253,50.435333251953125,59.66615803082148
W2PAIR_0015__aug_01,W2PAIR_0015,LiverUS-110,train,1,/kaggle/working/project_rooting_week4/derived/augmented_pairs/train/LiverUS-110/W2PAIR_0015/aug_01/panel_a_augmented.png,/kaggle/working/project_rooting_week4/derived/augmented_pairs/train/LiverUS-110/W2PAIR_0015/aug_01/panel_b_augmented.png,907647347,5.268798837619901,1.0390601254815968,1,-2,0.9087093107906388,0.9566495080908628,9.529307953290779,0.02360982828885924,8,255,99.36805725097656,61.73748418832718,8,255,57.306640625,61.95464656543998
W2PAIR_0015__aug_02,W2PAIR_0015,LiverUS-110,train,2,/kaggle/working/project_rooting_week4/derived/augmented_pairs/train/LiverUS-110/W2PAIR_0015/aug_02/panel_a_augmented.png,/kaggle/working/project_rooting_week4/derived/augmented_pairs/train/LiverUS-110/W2PAIR_0015/aug_02/panel_b_augmented.png,4144790552,0.2379166346117767,0.9988250958142181,3,4,1.1364133411121564,0.9220166343324648,-2.644542270880324,0.04610929759751783,0,255,66.39677429199219,55.48178787107689,0,255,34.323974609375,53.49699883588444
W2PAIR_0015__aug_03,W2PAIR_0015,LiverUS-110,train,3,/kaggle/working/project_rooting_week4/derived/augmented_pairs/train/LiverUS-110/W2PAIR_0015/aug_03/panel_a_augmented.png,/kaggle/working/project_rooting_week4/derived/augmented_pairs/train/LiverUS-110/W2PAIR_0015/aug_03/panel_b_augmented.png,1056941074,-0.6289254034605323,0.971010551305201,-2,2,1.0128669883090928,0.9836929636952707,-6.2160979114385935,0.02112641302820689,0,255,71.01972961425781,61.058093251340495,0,255,36.590087890625,56.54064831177401
W2PAIR_0016__aug_01,W2PAIR_0016,LiverUS-110,train,1,/kaggle/working/project_rooting_week4/derived/augmented_pairs/train/LiverUS-110/W2PAIR_0016/aug_01/panel_a_augmented.png,/kaggle/working/project_rooting_week4/derived/augmented_pairs/train/LiverUS-110/W2PAIR_0016/aug_01/panel_b_augmented.png,3738313181,5.340789434083554,1.0473221197191356,4,-7,1.047905190369408,0.9919540791899931,-9.634238161937535,0.006320430693474055,0,247,78.10163879394531,56.99137063328147,0,243,39.514251708984375,57.28318640185555
W2PAIR_0016__aug_02,W2PAIR_0016,LiverUS-110,train,2,/kaggle/working/project_rooting_week4/derived/augmented_pairs/train/LiverUS-110/W2PAIR_0016/aug_02/panel_a_augmented.png,/kaggle/working/project_rooting_week4/derived/augmented_pairs/train/LiverUS-110/W2PAIR_0016/aug_02/panel_b_augmented.png,3139536231,3.085103792271351,0.9851805570770744,-8,6,0.89365346053042,0.9684883741990308,2.401544540598863,0.03684307867445446,2,255,84.93258666992188,65.75215710112285,2,255,46.47257995605469,61.55799212236607
W2PAIR_0016__aug_03,W2PAIR_0016,LiverUS-110,train,3,/kaggle/working/project_rooting_week4/derived/augmented_pairs/train/LiverUS-110/W2PAIR_0016/aug_03/panel_a_augmented.png,/kaggle/working/project_rooting_week4/derived/augmented_pairs/train/LiverUS-110/W2PAIR_0016/aug_03/panel_b_augmented.png,2081712140,0.938560834722411,1.0144022293232373,-8,-3,1.0754042306363576,1.0864402575515584,-7.549240896437121,0.04146821658137727,0,255,81.02871704101562,63.9125830109254,0,255,41.45732116699219,62.136797777081085
W2PAIR_0017__aug_01,W2PAIR_0017,LiverUS-110,train,1,/kaggle/working/project_rooting_week4/derived/augmented_pairs/train/LiverUS-110/W2PAIR_0017/aug_01/panel_a_augmented.png,/kaggle/working/project_rooting_week4/derived/augmented_pairs/train/LiverUS-110/W2PAIR_0017/aug_01/panel_b_augmented.png,3482329274,2.3133923908754674,1.04336378723353,-5,7,1.0737229938255695,1.0937631146838431,-3.89487721193216,0.007001654014131853,0,255,88.94900512695312,64.20538509697343,0,255,45.98408508300781,64.67923199736626
W2PAIR_0017__aug_02,W2PAIR_0017,LiverUS-110,train,2,/kaggle/working/project_rooting_week4/derived/augmented_pairs/train/LiverUS-110/W2PAIR_0017/aug_02/panel_a_augmented.png,/kaggle/working/project_rooting_week4/derived/augmented_pairs/train/LiverUS-110/W2PAIR_0017/aug_02/panel_b_augmented.png,2001636466,3.442048855104291,1.0118432260297858,3,8,0.8836497805072123,1.0834546710752917,-9.729936699423796,0.016544882738809975,0,255,91.31196594238281,68.44979966443569,0,255,47.50309753417969,66.66345449136047
W2PAIR_0017__aug_03,W2PAIR_0017,LiverUS-110,train,3,/kaggle/working/project_rooting_week4/derived/augmented_pairs/train/LiverUS-110/W2PAIR_0017/aug_03/panel_a_augmented.png,/kaggle/working/project_rooting_week4/derived/augmented_pairs/train/LiverUS-110/W2PAIR_0017/aug_03/panel_b_augmented.png,2337696047,-5.381125245970237,0.9737774620705201,3,-8,1.1123253963317226,1.0684734958814908,0.694987333437469,0.03222604360011568,0,255,76.45930480957031,66.01835902552381,0,255,40.048065185546875,61.083129595920994
W2PAIR_0018__aug_01,W2PAIR_0018,LiverUS-110,train,1,/kaggle/working/project_rooting_week4/derived/augmented_pairs/train/LiverUS-110/W2PAIR_0018/aug_01/panel_a_augmented.png,/kaggle/working/project_rooting_week4/derived/augmented_pairs/train/LiverUS-110/W2PAIR_0018/aug_01/panel_b_augmented.png,390651929,1.478512811688967,0.96526585765826,8,-4,0.8529392834599719,0.957600614507403,-2.633468079155879,0.0259841121251629,0,255,79.13905334472656,65.71154935017381,0,249,42.18028259277344,60.33172395432606
W2PAIR_0018__aug_02,W2PAIR_0018,LiverUS-110,train,2,/kaggle/working/project_rooting_week4/derived/augmented_pairs/train/LiverUS-110/W2PAIR_0018/aug_02/panel_a_augmented.png,/kaggle/working/project_rooting_week4/derived/augmented_pairs/train/LiverUS-110/W2PAIR_0018/aug_02/panel_b_augmented.png,1532032360,6.767136652125982,1.048251813428374,-3,5,1.1014778126351612,0.9617934613864851,0.4926239292979968,0.007927674630393972,0,251,80.20367431640625,57.314086140686015,0,248,41.91111755371094,57.577467672923596
W2PAIR_0018__aug_03,W2PAIR_0018,LiverUS-110,train,3,/kaggle/working/project_rooting_week4/derived/augmented_pairs/train/LiverUS-110/W2PAIR_0018/aug_03/panel_a_augmented.png,/kaggle/working/project_rooting_week4/derived/augmented_pairs/train/LiverUS-110/W2PAIR_0018/aug_03/panel_b_augmented.png,1868091941,-5.8297439388033645,0.9789534114865532,0,1,1.0070409105545122,0.9110479208031208,3.5906959382221366,0.03566853210619753,3,255,74.42582702636719,58.97324649846913,3,246,40.78300476074219,54.900261504268244
W2PAIR_0026__aug_01,W2PAIR_0026,LiverUS-63,train,1,/kaggle/working/project_rooting_week4/derived/augmented_pairs/train/LiverUS-63/W2PAIR_0026/aug_01/panel_a_augmented.png,/kaggle/working/project_rooting_week4/derived/augmented_pairs/train/LiverUS-63/W2PAIR_0026/aug_01/panel_b_augmented.png,2087917586,-5.132649089786582,1.0302763152871874,2,-2,0.8660327433238629,1.0652538148232893,-8.695317195026997,0.007844779493080323,0,255,95.26957702636719,67.12772849820999,0,255,49.762054443359375,66.9730529658195
W2PAIR_0026__aug_02,W2PAIR_0026,LiverUS-63,train,2,/kaggle/working/project_rooting_week4/derived/augmented_pairs/train/LiverUS-63/W2PAIR_0026/aug_02/panel_a_augmented.png,/kaggle/working/project_rooting_week4/derived/augmented_pairs/train/LiverUS-63/W2PAIR_0026/aug_02/panel_b_augmented.png,2360214064,-3.4946676827495207,0.9946956936111494,2,0,0.8958748482639339,0.9005783301043315,4.027450850523946,0.001037141484901094,4,234,82.53852844238281,60.47518496673077,4,233,46.02381896972656,57.22741437860348
W2PAIR_0026__aug_03,W2PAIR_0026,LiverUS-63,train,3,/kaggle/working/project_rooting_week4/derived/augmented_pairs/train/LiverUS-63/W2PAIR_0026/aug_03/panel_a_augmented.png,/kaggle/working/project_rooting_week4/derived/augmented_pairs/train/LiverUS-63/W2PAIR_0026/aug_03/panel_b_augmented.png,2024154483,1.8264180415911042,1.0266308114935634,4,-6,1.103828700491599,0.982992324405288,-2.6301943805816492,0.04056050352149916,0,255,76.58348083496094,58.45284898226564,0,255,39.56199645996094,57.30975449814954
W2PAIR_0027__aug_01,W2PAIR_0027,LiverUS-63,train,1,/kaggle/working/project_rooting_week4/derived/augmented_pairs/train/LiverUS-63/W2PAIR_0027/aug_01/panel_a_augmented.png,/kaggle/working/project_rooting_week4/derived/augmented_pairs/train/LiverUS-63/W2PAIR_0027/aug_01/panel_b_augmented.png,3422686449,-1.1003296042979542,1.0218619991263058,-2,5,0.9786996562457809,0.9139346926141448,1.5688039324622611,0.00039214901795849857,1,234,80.65118408203125,58.17082000759283,1,234,43.24171447753906,57.025689476485724
W2PAIR_0027__aug_02,W2PAIR_0027,LiverUS-63,train,2,/kaggle/working/project_rooting_week4/derived/augmented_pairs/train/LiverUS-63/W2PAIR_0027/aug_02/panel_a_augmented.png,/kaggle/working/project_rooting_week4/derived/augmented_pairs/train/LiverUS-63/W2PAIR_0027/aug_02/panel_b_augmented.png,3758746030,4.061178952766076,0.98741413370878,2,3,0.9244305557386095,0.9997394018756273,-8.533686730716337,0.03648678230465399,0,255,78.21922302246094,63.359663202425736,0,255,40.43656921386719,59.731820034885104
W2PAIR_0027__aug_03,W2PAIR_0027,LiverUS-63,train,3,/kaggle/working/project_rooting_week4/derived/augmented_pairs/train/LiverUS-63/W2PAIR_0027/aug_03/panel_a_augmented.png,/kaggle/working/project_rooting_week4/derived/augmented_pairs/train/LiverUS-63/W2PAIR_0027/aug_03/panel_b_augmented.png,1947321963,0.5106768169383757,1.0054200476337545,5,-4,1.0285895438769155,0.9705449174051135,8.392353710538934,0.030439610332925107,7,255,86.35665893554688,61.42061862918971,7,255,49.287261962890625,58.56534155157773
W2PAIR_0028__aug_01,W2PAIR_0028,LiverUS-63,train,1,/kaggle/working/project_rooting_week4/derived/augmented_pairs/train/LiverUS-63/W2PAIR_0028/aug_01/panel_a_augmented.png,/kaggle/working/project_rooting_week4/derived/augmented_pairs/train/LiverUS-63/W2PAIR_0028/aug_01/panel_b_augmented.png,749202930,-1.591043942743699,1.0480629780560629,-1,2,1.064066892131645,0.9205569636866834,-3.9276907005930273,0.010326154469620309,0,235,75.51324462890625,54.169937403332646,0,233,38.939056396484375,54.65287807403767
W2PAIR_0028__aug_02,W2PAIR_0028,LiverUS-63,train,2,/kaggle/working/project_rooting_week4/derived/augmented_pairs/train/LiverUS-63/W2PAIR_0028/aug_02/panel_a_augmented.png,/kaggle/working/project_rooting_week4/derived/augmented_pairs/train/LiverUS-63/W2PAIR_0028/aug_02/panel_b_augmented.png,413143349,1.946751758501021,0.9757183596084761,3,-2,0.9042454205661932,1.0986330086163807,-7.499131538566266,0.04253253847212135,0,255,86.419189453125,71.11984368616523,0,255,45.09873962402344,66.3392118025333
W2PAIR_0028__aug_03,W2PAIR_0028,LiverUS-63,train,3,/kaggle/working/project_rooting_week4/derived/augmented_pairs/train/LiverUS-63/W2PAIR_0028/aug_03/panel_a_augmented.png,/kaggle/working/project_rooting_week4/derived/augmented_pairs/train/LiverUS-63/W2PAIR_0028/aug_03/panel_b_augmented.png,775855095,-0.014645271912937297,1.0045328641961249,-8,0,1.0822826997189128,0.9451585235556212,-9.25856474869408,0.04894706016398158,0,255,66.74687194824219,55.46935186991213,0,255,33.99800109863281,53.43384443850195
W2PAIR_0029__aug_01,W2PAIR_0029,LiverUS-63,train,1,/kaggle/working/project_rooting_week4/derived/augmented_pairs/train/LiverUS-63/W2PAIR_0029/aug_01/panel_a_augmented.png,/kaggle/working/project_rooting_week4/derived/augmented_pairs/train/LiverUS-63/W2PAIR_0029/aug_01/panel_b_augmented.png,683831885,1.7151582564580163,0.9826560419836139,-2,-4,1.050000002971493,1.0522340801237893,-9.113518246499785,0.006390982820009772,0,255,74.00643920898438,62.95633447151543,0,255,37.738861083984375,59.01683798165792
W2PAIR_0029__aug_02,W2PAIR_0029,LiverUS-63,train,2,/kaggle/working/project_rooting_week4/derived/augmented_pairs/train/LiverUS-63/W2PAIR_0029/aug_02/panel_a_augmented.png,/kaggle/working/project_rooting_week4/derived/augmented_pairs/train/LiverUS-63/W2PAIR_0029/aug_02/panel_b_augmented.png,1019891466,-4.550989358126829,1.0392777810334008,6,-3,1.1437713557214342,0.9840934421871752,-9.89994044723767,0.02835791432779471,0,255,70.748779296875,54.834731761428124,0,252,35.58099365234375,54.33093750664115
W2PAIR_0029__aug_03,W2PAIR_0029,LiverUS-63,train,3,/kaggle/working/project_rooting_week4/derived/augmented_pairs/train/LiverUS-63/W2PAIR_0029/aug_03/panel_a_augmented.png,/kaggle/working/project_rooting_week4/derived/augmented_pairs/train/LiverUS-63/W2PAIR_0029/aug_03/panel_b_augmented.png,2086077386,-3.8655005101909734,1.0058989921992596,1,-4,1.1164717344810344,1.081907486932558,-2.6135501938208883,0.009724617439632566,0,255,80.529541015625,64.48489165185775,0,255,41.60981750488281,62.07485229172478
W2PAIR_0030__aug_01,W2PAIR_0030,LiverUS-63,train,1,/kaggle/working/project_rooting_week4/derived/augmented_pairs/train/LiverUS-63/W2PAIR_0030/aug_01/panel_a_augmented.png,/kaggle/working/project_rooting_week4/derived/augmented_pairs/train/LiverUS-63/W2PAIR_0030/aug_01/panel_b_augmented.png,490479845,-5.483212205981932,1.0478652174092298,4,-3,1.0077159142217922,0.9331366895072373,-8.705831764200514,0.020985213081871908,0,244,76.18251037597656,54.50711377021664,0,238,38.713531494140625,55.07105531980787
W2PAIR_0030__aug_02,W2PAIR_0030,LiverUS-63,train,2,/kaggle/working/project_rooting_week4/derived/augmented_pairs/train/LiverUS-63/W2PAIR_0030/aug_02/panel_a_augmented.png,/kaggle/working/project_rooting_week4/derived/augmented_pairs/train/LiverUS-63/W2PAIR_0030/aug_02/panel_b_augmented.png,2663107020,6.3528210288487585,0.9617982243159562,4,-6,0.9729727820046778,0.9029215314565208,-4.488997542237079,0.029769228168842046,0,243,66.33692932128906,57.75478316986972,0,238,34.46492004394531,52.88689768173811
W2PAIR_0030__aug_03,W2PAIR_0030,LiverUS-63,train,3,/kaggle/working/project_rooting_week4/derived/augmented_pairs/train/LiverUS-63/W2PAIR_0030/aug_03/panel_a_augmented.png,/kaggle/working/project_rooting_week4/derived/augmented_pairs/train/LiverUS-63/W2PAIR_0030/aug_03/panel_b_augmented.png,2820858720,5.920787782008015,0.9588533858648343,5,-8,0.9951313048745376,1.0037156577226005,5.303011013479761,0.003531621554232739,5,255,80.39622497558594,65.67601976780553,5,255,44.864105224609375,59.79923836738229
W2PAIR_0031__aug_01,W2PAIR_0031,LiverUS-63,train,1,/kaggle/working/project_rooting_week4/derived/augmented_pairs/train/LiverUS-63/W2PAIR_0031/aug_01/panel_a_augmented.png,/kaggle/working/project_rooting_week4/derived/augmented_pairs/train/LiverUS-63/W2PAIR_0031/aug_01/panel_b_augmented.png,2712241105,-1.7938578273405836,1.0239473242959236,-8,-6,1.105182259714698,0.9049034835815798,2.38050746581286,0.02690574667220046,2,247,73.9522705078125,54.79884879332147,2,242,39.50938415527344,53.420933308497254
W2PAIR_0031__aug_02,W2PAIR_0031,LiverUS-63,train,2,/kaggle/working/project_rooting_week4/derived/augmented_pairs/train/LiverUS-63/W2PAIR_0031/aug_02/panel_a_augmented.png,/kaggle/working/project_rooting_week4/derived/augmented_pairs/train/LiverUS-63/W2PAIR_0031/aug_02/panel_b_augmented.png,2376181524,-5.879752199189221,1.0239278779194163,8,-3,1.121042377072448,0.908762184031921,-5.830305765324162,0.011226332996239192,0,231,66.88020324707031,52.54037877006088,0,229,33.955322265625,51.25059772177788
W2PAIR_0031__aug_03,W2PAIR_0031,LiverUS-63,train,3,/kaggle/working/project_rooting_week4/derived/augmented_pairs/train/LiverUS-63/W2PAIR_0031/aug_03/panel_a_augmented.png,/kaggle/working/project_rooting_week4/derived/augmented_pairs/train/LiverUS-63/W2PAIR_0031/aug_03/panel_b_augmented.png,1234801093,4.802405379225677,1.0209207052639742,0,-7,0.8641936037567345,0.9303872119342279,-2.235046960555554,0.0289000286821544,0,255,85.32627868652344,61.376475787827374,0,246,45.41477966308594,60.10038980677094
W2PAIR_0032__aug_01,W2PAIR_0032,LiverUS-63,train,1,/kaggle/working/project_rooting_week4/derived/augmented_pairs/train/LiverUS-63/W2PAIR_0032/aug_01/panel_a_augmented.png,/kaggle/working/project_rooting_week4/derived/augmented_pairs/train/LiverUS-63/W2PAIR_0032/aug_01/panel_b_augmented.png,3838963062,4.912098187645938,0.9848601908178571,3,4,1.090156190129641,0.978181880416382,-9.466924321608175,0.034501748248075635,0,255,66.0302734375,57.225427401485206,0,250,33.444915771484375,53.54956114145673
W2PAIR_0032__aug_02,W2PAIR_0032,LiverUS-63,train,2,/kaggle/working/project_rooting_week4/derived/augmented_pairs/train/LiverUS-63/W2PAIR_0032/aug_02/panel_a_augmented.png,/kaggle/working/project_rooting_week4/derived/augmented_pairs/train/LiverUS-63/W2PAIR_0032/aug_02/panel_b_augmented.png,20605766,-3.202143050758365,1.028143536626415,6,-8,0.9451887192636205,1.0925222465285263,2.7024107308815797,0.006228270489060966,2,255,100.14495849609375,69.75226645604509,2,255,54.22328186035156,69.05748507188777
W2PAIR_0032__aug_03,W2PAIR_0032,LiverUS-63,train,3,/kaggle/working/project_rooting_week4/derived/augmented_pairs/train/LiverUS-63/W2PAIR_0032/aug_03/panel_a_augmented.png,/kaggle/working/project_rooting_week4/derived/augmented_pairs/train/LiverUS-63/W2PAIR_0032/aug_03/panel_b_augmented.png,3225913505,3.605052624587067,0.9924590780244121,1,4,0.9274861043239685,1.0119116023585315,6.746393553899274,0.030815657512858093,5,255,92.13107299804688,67.31216451355611,5,255,52.05084228515625,63.57596502900039
W2PAIR_0033__aug_01,W2PAIR_0033,LiverUS-73,train,1,/kaggle/working/project_rooting_week4/derived/augmented_pairs/train/LiverUS-73/W2PAIR_0033/aug_01/panel_a_augmented.png,/kaggle/working/project_rooting_week4/derived/augmented_pairs/train/LiverUS-73/W2PAIR_0033/aug_01/panel_b_augmented.png,2258895930,-0.26236561625400867,1.01313302653385,-5,-2,1.1229984696241364,0.9208002113325333,1.8228359777208265,0.025489972002433497,1,251,71.982177734375,55.92494146728096,1,248,38.178436279296875,53.93176555414443
W2PAIR_0033__aug_02,W2PAIR_0033,LiverUS-73,train,2,/kaggle/working/project_rooting_week4/derived/augmented_pairs/train/LiverUS-73/W2PAIR_0033/aug_02/panel_a_augmented.png,/kaggle/working/project_rooting_week4/derived/augmented_pairs/train/LiverUS-73/W2PAIR_0033/aug_02/panel_b_augmented.png,2105731576,-0.8961234007416454,1.0405606661289286,7,2,0.8879026083997261,0.9586912871700756,-4.710449597432915,0.044087591161439454,0,255,87.89027404785156,60.69573559943595,0,255,46.20941162109375,61.10132925768599
W2PAIR_0033__aug_03,W2PAIR_0033,LiverUS-73,train,3,/kaggle/working/project_rooting_week4/derived/augmented_pairs/train/LiverUS-73/W2PAIR_0033/aug_03/panel_a_augmented.png,/kaggle/working/project_rooting_week4/derived/augmented_pairs/train/LiverUS-73/W2PAIR_0033/aug_03/panel_b_augmented.png,294307509,0.5072399773912695,1.0479749817623798,-6,1,0.913244264369059,0.985951284631965,2.8593515264060834,0.02112709581270275,2,255,96.46881103515625,63.058132205594525,2,255,52.513519287109375,64.11208637593204
W2PAIR_0034__aug_01,W2PAIR_0034,LiverUS-73,train,1,/kaggle/working/project_rooting_week4/derived/augmented_pairs/train/LiverUS-73/W2PAIR_0034/aug_01/panel_a_augmented.png,/kaggle/working/project_rooting_week4/derived/augmented_pairs/train/LiverUS-73/W2PAIR_0034/aug_01/panel_b_augmented.png,2848461427,1.537190475643225,1.0268986989050384,6,-5,1.0834721263177742,1.0185389049175928,-4.0173477041983645,0.031910334938461286,0,255,79.59503173828125,60.56284947311102,0,255,40.99810791015625,59.5364862676963
W2PAIR_0034__aug_02,W2PAIR_0034,LiverUS-73,train,2,/kaggle/working/project_rooting_week4/derived/augmented_pairs/train/LiverUS-73/W2PAIR_0034/aug_02/panel_a_augmented.png,/kaggle/working/project_rooting_week4/derived/augmented_pairs/train/LiverUS-73/W2PAIR_0034/aug_02/panel_b_augmented.png,3184521008,0.8154111756937015,1.0152478590662026,7,-2,0.8642291255156882,1.0213361295517656,8.000910591432152,0.044797897741590494,6,255,102.55610656738281,68.53004428161853,6,255,58.72196960449219,66.7035037066328
W2PAIR_0034__aug_03,W2PAIR_0034,LiverUS-73,train,3,/kaggle/working/project_rooting_week4/derived/augmented_pairs/train/LiverUS-73/W2PAIR_0034/aug_03/panel_a_augmented.png,/kaggle/working/project_rooting_week4/derived/augmented_pairs/train/LiverUS-73/W2PAIR_0034/aug_03/panel_b_augmented.png,4216415140,-2.210259133583131,1.0204262199275502,7,4,0.9029993013379619,1.0017695745433732,-2.1966208715994773,0.02960955833268607,0,255,89.45429992675781,65.08004681007947,0,255,47.34471130371094,63.5970641828431
W2PAIR_0035__aug_01,W2PAIR_0035,LiverUS-73,train,1,/kaggle/working/project_rooting_week4/derived/augmented_pairs/train/LiverUS-73/W2PAIR_0035/aug_01/panel_a_augmented.png,/kaggle/working/project_rooting_week4/derived/augmented_pairs/train/LiverUS-73/W2PAIR_0035/aug_01/panel_b_augmented.png,2705259492,-5.714955888793251,1.0050135589434088,-1,-6,1.1295122069121168,1.0934987094138489,-3.9100988786407402,0.03394194506453909,0,255,79.10757446289062,64.5616035037329,0,255,40.63714599609375,61.60620688983139
W2PAIR_0035__aug_02,W2PAIR_0035,LiverUS-73,train,2,/kaggle/working/project_rooting_week4/derived/augmented_pairs/train/LiverUS-73/W2PAIR_0035/aug_02/panel_a_augmented.png,/kaggle/working/project_rooting_week4/derived/augmented_pairs/train/LiverUS-73/W2PAIR_0035/aug_02/panel_b_augmented.png,400709360,-5.759661025841005,0.9752891654000783,-6,5,1.0024271894978205,1.0082809679235492,8.85161515417256,0.04011074540151637,7,255,86.88456726074219,65.31330317698801,7,255,49.88777160644531,60.65689720946557
W2PAIR_0035__aug_03,W2PAIR_0035,LiverUS-73,train,3,/kaggle/working/project_rooting_week4/derived/augmented_pairs/train/LiverUS-73/W2PAIR_0035/aug_03/panel_a_augmented.png,/kaggle/working/project_rooting_week4/derived/augmented_pairs/train/LiverUS-73/W2PAIR_0035/aug_03/panel_b_augmented.png,3554296225,-2.657139267034741,0.9696317328003927,-2,-3,1.0069621531108057,1.0193847165236596,-0.35933461134528777,0.019283015058086946,0,255,77.35615539550781,65.80646181894447,0,255,40.71453857421875,60.68462953076429
W2PAIR_0036__aug_01,W2PAIR_0036,LiverUS-73,train,1,/kaggle/working/project_rooting_week4/derived/augmented_pairs/train/LiverUS-73/W2PAIR_0036/aug_01/panel_a_augmented.png,/kaggle/working/project_rooting_week4/derived/augmented_pairs/train/LiverUS-73/W2PAIR_0036/aug_01/panel_b_augmented.png,2364875533,0.6133522247229148,0.9959958946836566,5,-4,0.8799861307243689,1.0475020411991247,-2.433498755402681,0.037830330408147275,0,255,90.67155456542969,69.98132698722145,0,255,48.22984313964844,66.37255428114852
W2PAIR_0036__aug_02,W2PAIR_0036,LiverUS-73,train,2,/kaggle/working/project_rooting_week4/derived/augmented_pairs/train/LiverUS-73/W2PAIR_0036/aug_02/panel_a_augmented.png,/kaggle/working/project_rooting_week4/derived/augmented_pairs/train/LiverUS-73/W2PAIR_0036/aug_02/panel_b_augmented.png,741093319,-4.071635233580993,0.9990860713132087,2,-1,1.0981229721348027,1.0107567171805183,-8.241673245040701,0.03582048811652278,0,255,71.10652160644531,59.66791560613752,0,255,36.330291748046875,57.509146651823464
W2PAIR_0036__aug_03,W2PAIR_0036,LiverUS-73,train,3,/kaggle/working/project_rooting_week4/derived/augmented_pairs/train/LiverUS-73/W2PAIR_0036/aug_03/panel_a_augmented.png,/kaggle/working/project_rooting_week4/derived/augmented_pairs/train/LiverUS-73/W2PAIR_0036/aug_03/panel_b_augmented.png,405033738,3.596698167247254,1.0474921998275102,-2,-6,1.0974521887933049,1.0706079879857258,-7.668548003892872,0.0028385695393320365,0,255,83.31381225585938,61.14469385054648,0,255,42.475982666015625,61.56457630004129
W2PAIR_0037__aug_01,W2PAIR_0037,LiverUS-73,train,1,/kaggle/working/project_rooting_week4/derived/augmented_pairs/train/LiverUS-73/W2PAIR_0037/aug_01/panel_a_augmented.png,/kaggle/working/project_rooting_week4/derived/augmented_pairs/train/LiverUS-73/W2PAIR_0037/aug_01/panel_b_augmented.png,3889974619,-5.970691570710339,0.959471686216581,-1,3,0.8798061281673817,0.9949691618268903,-8.58553842604623,0.017310390896621935,0,255,76.1114501953125,65.07228880640633,0,250,39.647979736328125,59.653802519002525
W2PAIR_0037__aug_02,W2PAIR_0037,LiverUS-73,train,2,/kaggle/working/project_rooting_week4/derived/augmented_pairs/train/LiverUS-73/W2PAIR_0037/aug_02/panel_a_augmented.png,/kaggle/working/project_rooting_week4/derived/augmented_pairs/train/LiverUS-73/W2PAIR_0037/aug_02/panel_b_augmented.png,2078550552,-1.5194276472989845,1.0134685402519783,-2,-8,1.0007119543418088,0.9205120743879491,-5.009623699771446,0.008768331402376095,0,236,73.1431884765625,56.54749379013136,0,231,37.82112121582031,54.82983569763449
W2PAIR_0037__aug_03,W2PAIR_0037,LiverUS-73,train,3,/kaggle/working/project_rooting_week4/derived/augmented_pairs/train/LiverUS-73/W2PAIR_0037/aug_03/panel_a_augmented.png,/kaggle/working/project_rooting_week4/derived/augmented_pairs/train/LiverUS-73/W2PAIR_0037/aug_03/panel_b_augmented.png,1027418300,-1.230972838592253,1.0105371951270388,-1,1,1.098009653950544,0.9218040948191153,2.507240399887589,0.007952663577094477,2,240,74.08584594726562,56.37395752487408,2,240,39.7696533203125,54.29240829853123
W2PAIR_0038__aug_01,W2PAIR_0038,LiverUS-73,train,1,/kaggle/working/project_rooting_week4/derived/augmented_pairs/train/LiverUS-73/W2PAIR_0038/aug_01/panel_a_augmented.png,/kaggle/working/project_rooting_week4/derived/augmented_pairs/train/LiverUS-73/W2PAIR_0038/aug_01/panel_b_augmented.png,2337250745,-0.29174615219248246,1.0386440774544539,5,-6,1.026420993221913,1.0246426938792181,4.040783186105166,0.04195272253989472,3,255,92.37371826171875,63.02892727959382,3,255,50.383941650390625,63.07694707370652
W2PAIR_0038__aug_02,W2PAIR_0038,LiverUS-73,train,2,/kaggle/working/project_rooting_week4/derived/augmented_pairs/train/LiverUS-73/W2PAIR_0038/aug_02/panel_a_augmented.png,/kaggle/working/project_rooting_week4/derived/augmented_pairs/train/LiverUS-73/W2PAIR_0038/aug_02/panel_b_augmented.png,2001191164,6.130189745621626,0.986528740596432,-5,-4,0.8597120825767667,1.0941524768927955,2.2547180573405985,0.010554925695837703,2,255,98.48953247070312,74.61757775786053,2,255,54.02061462402344,70.50342926446892
W2PAIR_0038__aug_03,W2PAIR_0038,LiverUS-73,train,3,/kaggle/working/project_rooting_week4/derived/augmented_pairs/train/LiverUS-73/W2PAIR_0038/aug_03/panel_a_augmented.png,/kaggle/working/project_rooting_week4/derived/augmented_pairs/train/LiverUS-73/W2PAIR_0038/aug_03/panel_b_augmented.png,2140611778,2.7721929420009985,0.9519866328466191,6,5,1.0626091859860973,1.0540732638802068,5.158176317301731,0.0142938191623535,4,255,79.66168212890625,66.7158667702723,4,255,44.16912841796875,60.663275884888115
W2PAIR_0039__aug_01,W2PAIR_0039,LiverUS-73,train,1,/kaggle/working/project_rooting_week4/derived/augmented_pairs/train/LiverUS-73/W2PAIR_0039/aug_01/panel_a_augmented.png,/kaggle/working/project_rooting_week4/derived/augmented_pairs/train/LiverUS-73/W2PAIR_0039/aug_01/panel_b_augmented.png,942105252,0.6166176312526588,1.010830606709263,6,4,1.0376248414088183,0.9325329007748855,-3.3621956629834715,0.02843983468634445,0,252,73.30137634277344,57.114015088603495,0,245,37.96290588378906,55.165529996839574
W2PAIR_0039__aug_02,W2PAIR_0039,LiverUS-73,train,2,/kaggle/working/project_rooting_week4/derived/augmented_pairs/train/LiverUS-73/W2PAIR_0039/aug_02/panel_a_augmented.png,/kaggle/working/project_rooting_week4/derived/augmented_pairs/train/LiverUS-73/W2PAIR_0039/aug_02/panel_b_augmented.png,246893192,5.525236532215427,1.0490970967317796,-6,6,0.9027382887920216,1.0638881403714662,-8.90172142416664,0.015671576617945243,0,255,95.61297607421875,64.77061169983735,0,255,49.51087951660156,66.29305520750641
W2PAIR_0039__aug_03,W2PAIR_0039,LiverUS-73,train,3,/kaggle/working/project_rooting_week4/derived/augmented_pairs/train/LiverUS-73/W2PAIR_0039/aug_03/panel_a_augmented.png,/kaggle/working/project_rooting_week4/derived/augmented_pairs/train/LiverUS-73/W2PAIR_0039/aug_03/panel_b_augmented.png,3712014523,2.2441602330906463,1.013954043837372,8,-1,0.8617635501753667,0.9755210181576623,1.7084705199729981,0.047678753181527395,1,255,92.22608947753906,65.88145794793857,1,255,50.157684326171875,64.00934848340879
W2PAIR_0040__aug_01,W2PAIR_0040,LiverUS-73,train,1,/kaggle/working/project_rooting_week4/derived/augmented_pairs/train/LiverUS-73/W2PAIR_0040/aug_01/panel_a_augmented.png,/kaggle/working/project_rooting_week4/derived/augmented_pairs/train/LiverUS-73/W2PAIR_0040/aug_01/panel_b_augmented.png,3435012484,-4.88219238828777,1.001652376634301,-3,4,0.8886061925621624,1.088368428820623,-6.961868081351142,0.004323085789267717,0,255,91.17076110839844,70.65431045508205,0,255,47.71844482421875,68.38461350431223
W2PAIR_0040__aug_02,W2PAIR_0040,LiverUS-73,train,2,/kaggle/working/project_rooting_week4/derived/augmented_pairs/train/LiverUS-73/W2PAIR_0040/aug_02/panel_a_augmented.png,/kaggle/working/project_rooting_week4/derived/augmented_pairs/train/LiverUS-73/W2PAIR_0040/aug_02/panel_b_augmented.png,1623588417,6.782269415259142,0.99829317958224,2,6,0.9385284565024968,0.9920388988907327,-8.735595434795256,0.03237343659088288,0,255,78.38795471191406,62.361387705585166,0,255,40.47456359863281,60.18415819724789
W2PAIR_0040__aug_03,W2PAIR_0040,LiverUS-73,train,3,/kaggle/working/project_rooting_week4/derived/augmented_pairs/train/LiverUS-73/W2PAIR_0040/aug_03/panel_a_augmented.png,/kaggle/working/project_rooting_week4/derived/augmented_pairs/train/LiverUS-73/W2PAIR_0040/aug_03/panel_b_augmented.png,1959647998,5.093750045111447,0.9623861509455462,-6,-2,1.056514887363286,0.9981344514072352,-9.440504890106368,0.04845080745994547,0,255,66.04931640625,59.79576198517892,0,255,33.531402587890625,54.68019445811329
W2PAIR_0041__aug_01,W2PAIR_0041,LiverUS-73,train,1,/kaggle/working/project_rooting_week4/derived/augmented_pairs/train/LiverUS-73/W2PAIR_0041/aug_01/panel_a_augmented.png,/kaggle/working/project_rooting_week4/derived/augmented_pairs/train/LiverUS-73/W2PAIR_0041/aug_01/panel_b_augmented.png,1416963812,-4.423790640110763,0.9545613129153466,-2,5,0.9070395800146765,0.9289792976462972,-6.18435659893027,0.045278789238533276,0,255,69.5977783203125,60.9641019454988,0,252,36.29551696777344,55.38212311929952
W2PAIR_0041__aug_02,W2PAIR_0041,LiverUS-73,train,2,/kaggle/working/project_rooting_week4/derived/augmented_pairs/train/LiverUS-73/W2PAIR_0041/aug_02/panel_a_augmented.png,/kaggle/working/project_rooting_week4/derived/augmented_pairs/train/LiverUS-73/W2PAIR_0041/aug_02/panel_b_augmented.png,1753023393,-3.9336930255802667,1.036689029824682,5,7,1.0206388446061074,0.9797498931927234,-8.769437753126194,0.01661825896926959,0,251,77.72900390625,57.5941374854198,0,246,39.660614013671875,57.29604668377901
W2PAIR_0041__aug_03,W2PAIR_0041,LiverUS-73,train,3,/kaggle/working/project_rooting_week4/derived/augmented_pairs/train/LiverUS-73/W2PAIR_0041/aug_03/panel_a_augmented.png,/kaggle/working/project_rooting_week4/derived/augmented_pairs/train/LiverUS-73/W2PAIR_0041/aug_03/panel_b_augmented.png,3747342687,1.6573466175266844,1.0213025397949238,2,-4,1.1312288571014908,0.9304249809124178,2.5457279921424814,0.03194131182965453,2,255,74.20767211914062,56.02805491862768,2,249,39.707489013671875,54.30805816775061
W2PAIR_0042__aug_01,W2PAIR_0042,LiverUS-76,train,1,/kaggle/working/project_rooting_week4/derived/augmented_pairs/train/LiverUS-76/W2PAIR_0042/aug_01/panel_a_augmented.png,/kaggle/working/project_rooting_week4/derived/augmented_pairs/train/LiverUS-76/W2PAIR_0042/aug_01/panel_b_augmented.png,3189622259,3.4109902905028644,1.043330405351584,-8,-6,1.0158673647829037,0.930802853125605,1.688777583629557,0.010877051238269637,1,245,83.08738708496094,57.46960528690225,1,244,44.221649169921875,57.7647993040542
W2PAIR_0042__aug_02,W2PAIR_0042,LiverUS-76,train,2,/kaggle/working/project_rooting_week4/derived/augmented_pairs/train/LiverUS-76/W2PAIR_0042/aug_02/panel_a_augmented.png,/kaggle/working/project_rooting_week4/derived/augmented_pairs/train/LiverUS-76/W2PAIR_0042/aug_02/panel_b_augmented.png,2012109367,2.662041900707475,1.0055451918346414,-4,-3,1.1236053771698682,1.016283808501694,-5.546901923706001,0.02473226583665479,0,255,72.57820129394531,59.739981377936004,0,255,37.092559814453125,56.85915179534273
W2PAIR_0042__aug_03,W2PAIR_0042,LiverUS-76,train,3,/kaggle/working/project_rooting_week4/derived/augmented_pairs/train/LiverUS-76/W2PAIR_0042/aug_03/panel_a_augmented.png,/kaggle/working/project_rooting_week4/derived/augmented_pairs/train/LiverUS-76/W2PAIR_0042/aug_03/panel_b_augmented.png,1225033838,4.385986669574542,0.9909619027148583,-8,-7,0.9371763549785253,1.0566488885858676,-0.6106095285662416,0.027148438565561362,0,255,88.25216674804688,69.40470321200722,0,255,46.831329345703125,65.70646676932215
W2PAIR_0043__aug_01,W2PAIR_0043,LiverUS-76,train,1,/kaggle/working/project_rooting_week4/derived/augmented_pairs/train/LiverUS-76/W2PAIR_0043/aug_01/panel_a_augmented.png,/kaggle/working/project_rooting_week4/derived/augmented_pairs/train/LiverUS-76/W2PAIR_0043/aug_01/panel_b_augmented.png,2228835327,3.398550977555379,1.0030973875638993,-6,-8,0.9122316386823853,0.9120784223742376,-6.567486020026784,0.03682562871595363,0,251,75.14935302734375,58.04619102533926,0,246,39.11712646484375,55.57509762009447
W2PAIR_0043__aug_02,W2PAIR_0043,LiverUS-76,train,2,/kaggle/working/project_rooting_week4/derived/augmented_pairs/train/LiverUS-76/W2PAIR_0043/aug_02/panel_a_augmented.png,/kaggle/working/project_rooting_week4/derived/augmented_pairs/train/LiverUS-76/W2PAIR_0043/aug_02/panel_b_augmented.png,3207512400,-5.9789771986042375,0.9844840280052702,-5,6,0.9864925909329733,1.0410833646102542,1.1481611512956036,0.02122753016681091,1,255,84.11431884765625,67.4717869916282,1,255,44.99525451660156,63.24958572241826
W2PAIR_0043__aug_03,W2PAIR_0043,LiverUS-76,train,3,/kaggle/working/project_rooting_week4/derived/augmented_pairs/train/LiverUS-76/W2PAIR_0043/aug_03/panel_a_augmented.png,/kaggle/working/project_rooting_week4/derived/augmented_pairs/train/LiverUS-76/W2PAIR_0043/aug_03/panel_b_augmented.png,751395315,-5.162685552872841,1.0046166457217838,-1,3,0.9619258393090231,0.9955329303549664,-0.5480917651403416,0.03921222192774386,0,255,83.67439270019531,64.49333533411146,0,255,44.234710693359375,61.547459308376034
W2PAIR_0044__aug_01,W2PAIR_0044,LiverUS-76,train,1,/kaggle/working/project_rooting_week4/derived/augmented_pairs/train/LiverUS-76/W2PAIR_0044/aug_01/panel_a_augmented.png,/kaggle/working/project_rooting_week4/derived/augmented_pairs/train/LiverUS-76/W2PAIR_0044/aug_01/panel_b_augmented.png,3304368105,-2.6783843300028636,0.962598907594777,4,5,1.0587912419656398,0.9229490177183421,0.31938796047504603,0.002896419638737102,0,237,66.80763244628906,58.642585094744895,0,235,35.055023193359375,53.59766174260184
W2PAIR_0044__aug_02,W2PAIR_0044,LiverUS-76,train,2,/kaggle/working/project_rooting_week4/derived/augmented_pairs/train/LiverUS-76/W2PAIR_0044/aug_02/panel_a_augmented.png,/kaggle/working/project_rooting_week4/derived/augmented_pairs/train/LiverUS-76/W2PAIR_0044/aug_02/panel_b_augmented.png,1897363521,4.970697056566804,0.9781649491881839,0,5,0.9834912901664462,0.9503757006067197,-7.39487520584726,0.005795001069268841,0,238,69.78337097167969,59.05863980617646,0,234,35.90708923339844,54.97509857576105
W2PAIR_0044__aug_03,W2PAIR_0044,LiverUS-76,train,3,/kaggle/working/project_rooting_week4/derived/augmented_pairs/train/LiverUS-76/W2PAIR_0044/aug_03/panel_a_augmented.png,/kaggle/working/project_rooting_week4/derived/augmented_pairs/train/LiverUS-76/W2PAIR_0044/aug_03/panel_b_augmented.png,3586602219,6.455105351166958,0.951161765906428,5,-8,0.9378856774784152,0.9380888614674285,-3.414710554924117,0.045225285745503586,0,255,69.87565612792969,61.85909006235615,0,255,36.642547607421875,55.995147810975354
W2PAIR_0045__aug_01,W2PAIR_0045,LiverUS-76,train,1,/kaggle/working/project_rooting_week4/derived/augmented_pairs/train/LiverUS-76/W2PAIR_0045/aug_01/panel_a_augmented.png,/kaggle/working/project_rooting_week4/derived/augmented_pairs/train/LiverUS-76/W2PAIR_0045/aug_01/panel_b_augmented.png,1658539291,-1.619970400468567,1.0086589838396425,-8,-6,1.0466483873220198,1.0651356069568132,-2.154700306672572,0.035382047744842327,0,255,83.70050048828125,65.58630572219073,0,255,43.590484619140625,63.217829840950124
W2PAIR_0045__aug_02,W2PAIR_0045,LiverUS-76,train,2,/kaggle/working/project_rooting_week4/derived/augmented_pairs/train/LiverUS-76/W2PAIR_0045/aug_02/panel_a_augmented.png,/kaggle/working/project_rooting_week4/derived/augmented_pairs/train/LiverUS-76/W2PAIR_0045/aug_02/panel_b_augmented.png,3594913209,5.357542505289386,1.0236583369712633,-8,3,1.088256220734587,1.0537992856140626,4.32461489211015,0.03905949823200594,3,255,88.60092163085938,63.92701809837077,3,255,48.244049072265625,62.652644003633476
W2PAIR_0045__aug_03,W2PAIR_0045,LiverUS-76,train,3,/kaggle/working/project_rooting_week4/derived/augmented_pairs/train/LiverUS-76/W2PAIR_0045/aug_03/panel_a_augmented.png,/kaggle/working/project_rooting_week4/derived/augmented_pairs/train/LiverUS-76/W2PAIR_0045/aug_03/panel_b_augmented.png,1111369980,-6.574922717407127,1.0358833173158142,-3,-3,1.0992937642364775,1.025691396759494,-3.0606048387980556,0.030209997080778317,0,255,81.09710693359375,60.59472957788074,0,255,41.67231750488281,60.06225763956509
W2PAIR_0046__aug_01,W2PAIR_0046,LiverUS-76,train,1,/kaggle/working/project_rooting_week4/derived/augmented_pairs/train/LiverUS-76/W2PAIR_0046/aug_01/panel_a_augmented.png,/kaggle/working/project_rooting_week4/derived/augmented_pairs/train/LiverUS-76/W2PAIR_0046/aug_01/panel_b_augmented.png,870846485,-0.05875878767191178,1.049733969259371,3,-7,0.8606391561423737,1.0277144546896644,8.624218383933197,0.04194468629296389,7,255,110.76445007324219,66.8205432318489,7,255,63.35249328613281,68.93797522623363
W2PAIR_0046__aug_02,W2PAIR_0046,LiverUS-76,train,2,/kaggle/working/project_rooting_week4/derived/augmented_pairs/train/LiverUS-76/W2PAIR_0046/aug_02/panel_a_augmented.png,/kaggle/working/project_rooting_week4/derived/augmented_pairs/train/LiverUS-76/W2PAIR_0046/aug_02/panel_b_augmented.png,4024433350,4.921919398530083,1.0088783462519986,4,7,0.916833824371901,0.994626043298231,-5.4892821509036605,0.04619640454075216,0,255,83.51654052734375,63.657321725182996,0,255,43.628692626953125,61.38965024498762
W2PAIR_0046__aug_03,W2PAIR_0046,LiverUS-76,train,3,/kaggle/working/project_rooting_week4/derived/augmented_pairs/train/LiverUS-76/W2PAIR_0046/aug_03/panel_a_augmented.png,/kaggle/working/project_rooting_week4/derived/augmented_pairs/train/LiverUS-76/W2PAIR_0046/aug_03/panel_b_augmented.png,1459532390,-5.620263932908346,0.9731445150408422,-8,7,1.1272458061747208,0.9720091809722782,-1.652397476611096,0.02058434900800382,0,255,67.36941528320312,59.03934168688868,0,250,34.816070556640625,54.55695732281215
W2PAIR_0047__aug_01,W2PAIR_0047,LiverUS-76,train,1,/kaggle/working/project_rooting_week4/derived/augmented_pairs/train/LiverUS-76/W2PAIR_0047/aug_01/panel_a_augmented.png,/kaggle/working/project_rooting_week4/derived/augmented_pairs/train/LiverUS-76/W2PAIR_0047/aug_01/panel_b_augmented.png,2513896380,6.638756901788714,1.0043819206514433,6,0,1.0239015693971425,0.9860634411189079,8.233905261353833,0.0478115971337247,6,255,87.69241333007812,62.60405372290277,6,255,49.76802062988281,59.52092422670646
W2PAIR_0047__aug_02,W2PAIR_0047,LiverUS-76,train,2,/kaggle/working/project_rooting_week4/derived/augmented_pairs/train/LiverUS-76/W2PAIR_0047/aug_02/panel_a_augmented.png,/kaggle/working/project_rooting_week4/derived/augmented_pairs/train/LiverUS-76/W2PAIR_0047/aug_02/panel_b_augmented.png,2849955961,-2.5466164198853,1.0237616498517064,-5,6,0.9399363754372527,0.910754996097808,-1.9443913935856045,0.02855198849676461,0,247,79.72731018066406,58.027006736052044,0,240,41.99261474609375,57.08081114204498
W2PAIR_0047__aug_03,W2PAIR_0047,LiverUS-76,train,3,/kaggle/working/project_rooting_week4/derived/augmented_pairs/train/LiverUS-76/W2PAIR_0047/aug_03/panel_a_augmented.png,/kaggle/working/project_rooting_week4/derived/augmented_pairs/train/LiverUS-76/W2PAIR_0047/aug_03/panel_b_augmented.png,256012891,-5.83133575221029,1.0438694934593813,-8,5,1.0443164135050826,1.0361407834573761,6.304696874615676,0.04624175030675101,5,255,94.70204162597656,63.369461903084286,5,255,52.33369445800781,63.44711185022271
W2PAIR_0048__aug_01,W2PAIR_0048,LiverUS-76,train,1,/kaggle/working/project_rooting_week4/derived/augmented_pairs/train/LiverUS-76/W2PAIR_0048/aug_01/panel_a_augmented.png,/kaggle/working/project_rooting_week4/derived/augmented_pairs/train/LiverUS-76/W2PAIR_0048/aug_01/panel_b_augmented.png,2055620234,2.401298021227241,0.9871468216765261,-6,3,0.9847590087026873,0.9668461599078868,-6.714041216520741,0.01936301490503023,0,252,73.18746948242188,60.06355591161622,0,248,37.75425720214844,56.64134149765577
W2PAIR_0048__aug_02,W2PAIR_0048,LiverUS-76,train,2,/kaggle/working/project_rooting_week4/derived/augmented_pairs/train/LiverUS-76/W2PAIR_0048/aug_02/panel_a_augmented.png,/kaggle/working/project_rooting_week4/derived/augmented_pairs/train/LiverUS-76/W2PAIR_0048/aug_02/panel_b_augmented.png,3428345506,5.346337590255038,1.0269313786547034,2,2,0.8897652424307203,1.0501630383310232,2.55178321204202,0.048585771941395337,2,255,100.18498229980469,68.96243861075051,2,255,54.64292907714844,68.16183905571093
W2PAIR_0048__aug_03,W2PAIR_0048,LiverUS-76,train,3,/kaggle/working/project_rooting_week4/derived/augmented_pairs/train/LiverUS-76/W2PAIR_0048/aug_03/panel_a_augmented.png,/kaggle/working/project_rooting_week4/derived/augmented_pairs/train/LiverUS-76/W2PAIR_0048/aug_03/panel_b_augmented.png,3764405087,-6.729669254897636,1.0254572654608742,1,3,1.014564903052036,1.0483644273017758,-7.754322337338177,0.030112082276114754,0,255,83.49739074707031,62.68053996934016,0,255,42.83433532714844,61.77917092651484
W2PAIR_0049__aug_01,W2PAIR_0049,LiverUS-76,train,1,/kaggle/working/project_rooting_week4/derived/augmented_pairs/train/LiverUS-76/W2PAIR_0049/aug_01/panel_a_augmented.png,/kaggle/working/project_rooting_week4/derived/augmented_pairs/train/LiverUS-76/W2PAIR_0049/aug_01/panel_b_augmented.png,2124479686,-3.759960476532145,0.9639945292311756,-1,-8,1.0643031874786395,0.9821135402275738,-0.4536870742842183,0.0403609303465914,0,255,70.85977172851562,61.955160514690114,0,255,37.0521240234375,56.84976313053811
W2PAIR_0049__aug_02,W2PAIR_0049,LiverUS-76,train,2,/kaggle/working/project_rooting_week4/derived/augmented_pairs/train/LiverUS-76/W2PAIR_0049/aug_02/panel_a_augmented.png,/kaggle/working/project_rooting_week4/derived/augmented_pairs/train/LiverUS-76/W2PAIR_0049/aug_02/panel_b_augmented.png,1788420105,3.57734576444971,0.9843941979396947,1,7,1.1452613112446435,0.9460507947231059,-1.1595614987207412,0.016312476772517553,0,249,66.60139465332031,56.964847397296914,0,248,34.471160888671875,53.258932948506114
W2PAIR_0049__aug_03,W2PAIR_0049,LiverUS-76,train,3,/kaggle/working/project_rooting_week4/derived/augmented_pairs/train/LiverUS-76/W2PAIR_0049/aug_03/panel_a_augmented.png,/kaggle/working/project_rooting_week4/derived/augmented_pairs/train/LiverUS-76/W2PAIR_0049/aug_03/panel_b_augmented.png,2842606772,-3.3475337525745523,0.9800741855839199,6,1,0.8682510171008665,0.9946492416762313,-9.723103034997578,0.04813124631886091,0,255,79.14231872558594,64.52578593615269,0,255,41.18232727050781,60.32895136343044
W2PAIR_0050__aug_01,W2PAIR_0050,LiverUS-76,train,1,/kaggle/working/project_rooting_week4/derived/augmented_pairs/train/LiverUS-76/W2PAIR_0050/aug_01/panel_a_augmented.png,/kaggle/working/project_rooting_week4/derived/augmented_pairs/train/LiverUS-76/W2PAIR_0050/aug_01/panel_b_augmented.png,127458234,3.194539371740868,1.0197100620615291,7,1,0.9838162648560644,0.9740109872198358,-9.33844504382458,0.017085707345261963,0,250,76.65840148925781,58.52298690992135,0,245,39.15589904785156,57.099736567412755
W2PAIR_0050__aug_02,W2PAIR_0050,LiverUS-76,train,2,/kaggle/working/project_rooting_week4/derived/augmented_pairs/train/LiverUS-76/W2PAIR_0050/aug_02/panel_a_augmented.png,/kaggle/working/project_rooting_week4/derived/augmented_pairs/train/LiverUS-76/W2PAIR_0050/aug_02/panel_b_augmented.png,2978510618,0.5432114614913921,1.0468379192283894,4,-2,1.0607876834011818,1.014560464217815,-6.036497603403013,0.018629011070576636,0,255,82.16259765625,59.27401457385353,0,255,42.1767578125,59.8159339979312
W2PAIR_0050__aug_03,W2PAIR_0050,LiverUS-76,train,3,/kaggle/working/project_rooting_week4/derived/augmented_pairs/train/LiverUS-76/W2PAIR_0050/aug_03/panel_a_augmented.png,/kaggle/working/project_rooting_week4/derived/augmented_pairs/train/LiverUS-76/W2PAIR_0050/aug_03/panel_b_augmented.png,2457837109,-4.201327833921232,0.9836214272386685,4,-5,1.122808988723092,1.089257846840788,2.6990388802495175,0.031775372685717854,2,255,81.18753051757812,66.51006742866468,2,255,43.49333190917969,62.425512874825486
W2PAIR_0051__aug_01,W2PAIR_0051,LiverUS-76,train,1,/kaggle/working/project_rooting_week4/derived/augmented_pairs/train/LiverUS-76/W2PAIR_0051/aug_01/panel_a_augmented.png,/kaggle/working/project_rooting_week4/derived/augmented_pairs/train/LiverUS-76/W2PAIR_0051/aug_01/panel_b_augmented.png,2096848359,4.036962191582049,0.9912137614383998,7,-4,0.9964549949347319,1.0167882874361527,-2.171303068729717,0.0020823263591486954,0,255,80.29988098144531,64.57921395831724,0,255,41.9940185546875,61.07458609570248
W2PAIR_0051__aug_02,W2PAIR_0051,LiverUS-76,train,2,/kaggle/working/project_rooting_week4/derived/augmented_pairs/train/LiverUS-76/W2PAIR_0051/aug_02/panel_a_augmented.png,/kaggle/working/project_rooting_week4/derived/augmented_pairs/train/LiverUS-76/W2PAIR_0051/aug_02/panel_b_augmented.png,2432907940,2.6187485396532644,1.0190912044464775,-5,7,0.9133990474192843,0.9390386558630542,1.6693277994230584,0.0020502913589357796,1,242,86.20022583007812,61.617108829731194,1,241,46.59608459472656,60.16058285878603
W2PAIR_0051__aug_03,W2PAIR_0051,LiverUS-76,train,3,/kaggle/working/project_rooting_week4/derived/augmented_pairs/train/LiverUS-76/W2PAIR_0051/aug_03/panel_a_augmented.png,/kaggle/working/project_rooting_week4/derived/augmented_pairs/train/LiverUS-76/W2PAIR_0051/aug_03/panel_b_augmented.png,673060912,-2.6973753186550207,0.9735817708902257,7,-8,1.123713466489534,1.0558080636456078,2.991606220882435,0.02796745222382916,2,255,77.29920959472656,64.85442774931921,2,255,41.60295104980469,60.03006517414264
W2PAIR_0052__aug_01,W2PAIR_0052,LiverUS-76,train,1,/kaggle/working/project_rooting_week4/derived/augmented_pairs/train/LiverUS-76/W2PAIR_0052/aug_01/panel_a_augmented.png,/kaggle/working/project_rooting_week4/derived/augmented_pairs/train/LiverUS-76/W2PAIR_0052/aug_01/panel_b_augmented.png,4036302755,-3.0054367112716776,0.9543206269975416,5,6,1.0667050573221326,1.0055366473841663,4.714805824761768,0.02500889517797597,4,255,75.4676513671875,63.96518158556997,4,255,41.57939147949219,57.94728914967221
W2PAIR_0052__aug_02,W2PAIR_0052,LiverUS-76,train,2,/kaggle/working/project_rooting_week4/derived/augmented_pairs/train/LiverUS-76/W2PAIR_0052/aug_02/panel_a_augmented.png,/kaggle/working/project_rooting_week4/derived/augmented_pairs/train/LiverUS-76/W2PAIR_0052/aug_02/panel_b_augmented.png,1552759526,4.4413668632393275,1.0494584685215567,-4,-8,0.94793120809633,1.007038066197805,3.4412368553991506,0.04586467496212432,2,255,97.29829406738281,63.204142795574626,2,255,53.048553466796875,64.41500737240837
W2PAIR_0052__aug_03,W2PAIR_0052,LiverUS-76,train,3,/kaggle/working/project_rooting_week4/derived/augmented_pairs/train/LiverUS-76/W2PAIR_0052/aug_03/panel_a_augmented.png,/kaggle/working/project_rooting_week4/derived/augmented_pairs/train/LiverUS-76/W2PAIR_0052/aug_03/panel_b_augmented.png,3883588201,0.5824922904079664,0.9796331907066185,7,3,1.0128949292792426,0.9018342514904293,4.166241700876958,0.03161674427990664,3,255,74.10177612304688,58.14718724950486,3,252,40.91400146484375,54.12149780956167
W2PAIR_0053__aug_01,W2PAIR_0053,LiverUS-76,train,1,/kaggle/working/project_rooting_week4/derived/augmented_pairs/train/LiverUS-76/W2PAIR_0053/aug_01/panel_a_augmented.png,/kaggle/working/project_rooting_week4/derived/augmented_pairs/train/LiverUS-76/W2PAIR_0053/aug_01/panel_b_augmented.png,696779857,5.948785390971409,1.0021420010461348,4,-3,0.8685138606875493,0.9963099122842416,2.9121117237090672,0.014228343419687761,2,255,92.71856689453125,67.70334510909954,2,255,50.89134216308594,64.66354280284446
W2PAIR_0053__aug_02,W2PAIR_0053,LiverUS-76,train,2,/kaggle/working/project_rooting_week4/derived/augmented_pairs/train/LiverUS-76/W2PAIR_0053/aug_02/panel_a_augmented.png,/kaggle/working/project_rooting_week4/derived/augmented_pairs/train/LiverUS-76/W2PAIR_0053/aug_02/panel_b_augmented.png,261705347,-0.9392156269706557,1.047407093207004,-5,8,0.9244667781299218,0.9842884904828104,-8.123008373618363,0.025183830171145716,0,255,86.591796875,59.69988671041247,0,250,44.8116455078125,60.77764175205173
W2PAIR_0053__aug_03,W2PAIR_0053,LiverUS-76,train,3,/kaggle/working/project_rooting_week4/derived/augmented_pairs/train/LiverUS-76/W2PAIR_0053/aug_03/panel_a_augmented.png,/kaggle/working/project_rooting_week4/derived/augmented_pairs/train/LiverUS-76/W2PAIR_0053/aug_03/panel_b_augmented.png,3415292212,4.067378508637923,1.0014490052220135,8,3,0.9140370972092867,0.9616114844576974,9.912744005843457,0.0293464553670608,8,255,93.14651489257812,64.52381908590947,8,255,54.02861022949219,62.087040421613914
W2PAIR_0054__aug_01,W2PAIR_0054,LiverUS-76,train,1,/kaggle/working/project_rooting_week4/derived/augmented_pairs/train/LiverUS-76/W2PAIR_0054/aug_01/panel_a_augmented.png,/kaggle/working/project_rooting_week4/derived/augmented_pairs/train/LiverUS-76/W2PAIR_0054/aug_01/panel_b_augmented.png,1846752401,5.96678431951638,1.003488341241061,-5,5,0.8833480067036424,1.0893613823582537,3.737677391691502,0.03007228579598169,3,255,100.68780517578125,72.98118103070045,3,255,55.611297607421875,69.98785209917406
W2PAIR_0054__aug_02,W2PAIR_0054,LiverUS-76,train,2,/kaggle/working/project_rooting_week4/derived/augmented_pairs/train/LiverUS-76/W2PAIR_0054/aug_02/panel_a_augmented.png,/kaggle/working/project_rooting_week4/derived/augmented_pairs/train/LiverUS-76/W2PAIR_0054/aug_02/panel_b_augmented.png,2182811982,3.5615885579667257,0.9804790906129184,0,6,0.9424238191152561,0.9525202869600816,-9.338795267960773,0.023787723939321312,0,254,71.47134399414062,59.501542038885034,0,244,36.775054931640625,55.640512542969496
W2PAIR_0054__aug_03,W2PAIR_0054,LiverUS-76,train,3,/kaggle/working/project_rooting_week4/derived/augmented_pairs/train/LiverUS-76/W2PAIR_0054/aug_03/panel_a_augmented.png,/kaggle/working/project_rooting_week4/derived/augmented_pairs/train/LiverUS-76/W2PAIR_0054/aug_03/panel_b_augmented.png,923156870,2.942425301536284,0.9774549222361247,-6,-1,1.110097317002043,0.9603749053430168,-3.850325077814569,0.03845785694959291,0,255,66.42936706542969,57.88758967457795,0,255,34.10502624511719,53.64955186816409
