item_id,pair_id,PatientID,dataset_split,augmentation_status,augmentation_index,panel_a_path,panel_b_path,source_pair_id,is_augmented
W2PAIR_0001__original,W2PAIR_0001,LiverUS-102,train,original,0,/kaggle/input/datasets/omneyasaeid/week3-full-outputs-for-week4-zip/project_rooting_week3/derived/preprocessed_pairs/val/LiverUS-86/W2PAIR_0069/panel_a_preprocessed.png,/kaggle/input/datasets/omneyasaeid/week3-full-outputs-for-week4-zip/project_rooting_week3/derived/preprocessed_pairs/val/LiverUS-86/W2PAIR_0069/panel_b_preprocessed.png,W2PAIR_0001,False
W2PAIR_0002__original,W2PAIR_0002,LiverUS-102,train,original,0,/kaggle/input/datasets/omneyasaeid/week3-full-outputs-for-week4-zip/project_rooting_week3/derived/preprocessed_pairs/val/LiverUS-86/W2PAIR_0069/panel_a_preprocessed.png,/kaggle/input/datasets/omneyasaeid/week3-full-outputs-for-week4-zip/project_rooting_week3/derived/preprocessed_pairs/val/LiverUS-86/W2PAIR_0069/panel_b_preprocessed.png,W2PAIR_0002,False
W2PAIR_0003__original,W2PAIR_0003,LiverUS-102,train,original,0,/kaggle/input/datasets/omneyasaeid/week3-full-outputs-for-week4-zip/project_rooting_week3/derived/preprocessed_pairs/val/LiverUS-86/W2PAIR_0069/panel_a_preprocessed.png,/kaggle/input/datasets/omneyasaeid/week3-full-outputs-for-week4-zip/project_rooting_week3/derived/preprocessed_pairs/val/LiverUS-86/W2PAIR_0069/panel_b_preprocessed.png,W2PAIR_0003,False
W2PAIR_0004__original,W2PAIR_0004,LiverUS-102,train,original,0,/kaggle/input/datasets/omneyasaeid/week3-full-outputs-for-week4-zip/project_rooting_week3/derived/preprocessed_pairs/val/LiverUS-86/W2PAIR_0069/panel_a_preprocessed.png,/kaggle/input/datasets/omneyasaeid/week3-full-outputs-for-week4-zip/project_rooting_week3/derived/preprocessed_pairs/val/LiverUS-86/W2PAIR_0069/panel_b_preprocessed.png,W2PAIR_0004,False
W2PAIR_0005__original,W2PAIR_0005,LiverUS-102,train,original,0,/kaggle/input/datasets/omneyasaeid/week3-full-outputs-for-week4-zip/project_rooting_week3/derived/preprocessed_pairs/val/LiverUS-86/W2PAIR_0069/panel_a_preprocessed.png,/kaggle/input/datasets/omneyasaeid/week3-full-outputs-for-week4-zip/project_rooting_week3/derived/preprocessed_pairs/val/LiverUS-86/W2PAIR_0069/panel_b_preprocessed.png,W2PAIR_0005,False
W2PAIR_0006__original,W2PAIR_0006,LiverUS-102,train,original,0,/kaggle/input/datasets/omneyasaeid/week3-full-outputs-for-week4-zip/project_rooting_week3/derived/preprocessed_pairs/val/LiverUS-86/W2PAIR_0069/panel_a_preprocessed.png,/kaggle/input/datasets/omneyasaeid/week3-full-outputs-for-week4-zip/project_rooting_week3/derived/preprocessed_pairs/val/LiverUS-86/W2PAIR_0069/panel_b_preprocessed.png,W2PAIR_0006,False
W2PAIR_0007__original,W2PAIR_0007,LiverUS-102,train,original,0,/kaggle/input/datasets/omneyasaeid/week3-full-outputs-for-week4-zip/project_rooting_week3/derived/preprocessed_pairs/val/LiverUS-86/W2PAIR_0069/panel_a_preprocessed.png,/kaggle/input/datasets/omneyasaeid/week3-full-outputs-for-week4-zip/project_rooting_week3/derived/preprocessed_pairs/val/LiverUS-86/W2PAIR_0069/panel_b_preprocessed.png,W2PAIR_0007,False
W2PAIR_0008__original,W2PAIR_0008,LiverUS-106,test,original,0,/kaggle/input/datasets/omneyasaeid/week3-full-outputs-for-week4-zip/project_rooting_week3/derived/preprocessed_pairs/val/LiverUS-86/W2PAIR_0069/panel_a_preprocessed.png,/kaggle/input/datasets/omneyasaeid/week3-full-outputs-for-week4-zip/project_rooting_week3/derived/preprocessed_pairs/val/LiverUS-86/W2PAIR_0069/panel_b_preprocessed.png,W2PAIR_0008,False
W2PAIR_0009__original,W2PAIR_0009,LiverUS-106,test,original,0,/kaggle/input/datasets/omneyasaeid/week3-full-outputs-for-week4-zip/project_rooting_week3/derived/preprocessed_pairs/val/LiverUS-86/W2PAIR_0069/panel_a_preprocessed.png,/kaggle/input/datasets/omneyasaeid/week3-full-outputs-for-week4-zip/project_rooting_week3/derived/preprocessed_pairs/val/LiverUS-86/W2PAIR_0069/panel_b_preprocessed.png,W2PAIR_0009,False
W2PAIR_0010__original,W2PAIR_0010,LiverUS-106,test,original,0,/kaggle/input/datasets/omneyasaeid/week3-full-outputs-for-week4-zip/project_rooting_week3/derived/preprocessed_pairs/val/LiverUS-86/W2PAIR_0069/panel_a_preprocessed.png,/kaggle/input/datasets/omneyasaeid/week3-full-outputs-for-week4-zip/project_rooting_week3/derived/preprocessed_pairs/val/LiverUS-86/W2PAIR_0069/panel_b_preprocessed.png,W2PAIR_0010,False
W2PAIR_0011__original,W2PAIR_0011,LiverUS-106,test,original,0,/kaggle/input/datasets/omneyasaeid/week3-full-outputs-for-week4-zip/project_rooting_week3/derived/preprocessed_pairs/val/LiverUS-86/W2PAIR_0069/panel_a_preprocessed.png,/kaggle/input/datasets/omneyasaeid/week3-full-outputs-for-week4-zip/project_rooting_week3/derived/preprocessed_pairs/val/LiverUS-86/W2PAIR_0069/panel_b_preprocessed.png,W2PAIR_0011,False
W2PAIR_0012__original,W2PAIR_0012,LiverUS-107,train,original,0,/kaggle/input/datasets/omneyasaeid/week3-full-outputs-for-week4-zip/project_rooting_week3/derived/preprocessed_pairs/val/LiverUS-86/W2PAIR_0069/panel_a_preprocessed.png,/kaggle/input/datasets/omneyasaeid/week3-full-outputs-for-week4-zip/project_rooting_week3/derived/preprocessed_pairs/val/LiverUS-86/W2PAIR_0069/panel_b_preprocessed.png,W2PAIR_0012,False
W2PAIR_0013__original,W2PAIR_0013,LiverUS-107,train,original,0,/kaggle/input/datasets/omneyasaeid/week3-full-outputs-for-week4-zip/project_rooting_week3/derived/preprocessed_pairs/val/LiverUS-86/W2PAIR_0069/panel_a_preprocessed.png,/kaggle/input/datasets/omneyasaeid/week3-full-outputs-for-week4-zip/project_rooting_week3/derived/preprocessed_pairs/val/LiverUS-86/W2PAIR_0069/panel_b_preprocessed.png,W2PAIR_0013,False
W2PAIR_0014__original,W2PAIR_0014,LiverUS-107,train,original,0,/kaggle/input/datasets/omneyasaeid/week3-full-outputs-for-week4-zip/project_rooting_week3/derived/preprocessed_pairs/val/LiverUS-86/W2PAIR_0069/panel_a_preprocessed.png,/kaggle/input/datasets/omneyasaeid/week3-full-outputs-for-week4-zip/project_rooting_week3/derived/preprocessed_pairs/val/LiverUS-86/W2PAIR_0069/panel_b_preprocessed.png,W2PAIR_0014,False
W2PAIR_0015__original,W2PAIR_0015,LiverUS-110,train,original,0,/kaggle/input/datasets/omneyasaeid/week3-full-outputs-for-week4-zip/project_rooting_week3/derived/preprocessed_pairs/val/LiverUS-86/W2PAIR_0069/panel_a_preprocessed.png,/kaggle/input/datasets/omneyasaeid/week3-full-outputs-for-week4-zip/project_rooting_week3/derived/preprocessed_pairs/val/LiverUS-86/W2PAIR_0069/panel_b_preprocessed.png,W2PAIR_0015,False
W2PAIR_0016__original,W2PAIR_0016,LiverUS-110,train,original,0,/kaggle/input/datasets/omneyasaeid/week3-full-outputs-for-week4-zip/project_rooting_week3/derived/preprocessed_pairs/val/LiverUS-86/W2PAIR_0069/panel_a_preprocessed.png,/kaggle/input/datasets/omneyasaeid/week3-full-outputs-for-week4-zip/project_rooting_week3/derived/preprocessed_pairs/val/LiverUS-86/W2PAIR_0069/panel_b_preprocessed.png,W2PAIR_0016,False
W2PAIR_0017__original,W2PAIR_0017,LiverUS-110,train,original,0,/kaggle/input/datasets/omneyasaeid/week3-full-outputs-for-week4-zip/project_rooting_week3/derived/preprocessed_pairs/val/LiverUS-86/W2PAIR_0069/panel_a_preprocessed.png,/kaggle/input/datasets/omneyasaeid/week3-full-outputs-for-week4-zip/project_rooting_week3/derived/preprocessed_pairs/val/LiverUS-86/W2PAIR_0069/panel_b_preprocessed.png,W2PAIR_0017,False
W2PAIR_0018__original,W2PAIR_0018,LiverUS-110,train,original,0,/kaggle/input/datasets/omneyasaeid/week3-full-outputs-for-week4-zip/project_rooting_week3/derived/preprocessed_pairs/val/LiverUS-86/W2PAIR_0069/panel_a_preprocessed.png,/kaggle/input/datasets/omneyasaeid/week3-full-outputs-for-week4-zip/project_rooting_week3/derived/preprocessed_pairs/val/LiverUS-86/W2PAIR_0069/panel_b_preprocessed.png,W2PAIR_0018,False
W2PAIR_0019__original,W2PAIR_0019,LiverUS-118,val,original,0,/kaggle/input/datasets/omneyasaeid/week3-full-outputs-for-week4-zip/project_rooting_week3/derived/preprocessed_pairs/val/LiverUS-86/W2PAIR_0069/panel_a_preprocessed.png,/kaggle/input/datasets/omneyasaeid/week3-full-outputs-for-week4-zip/project_rooting_week3/derived/preprocessed_pairs/val/LiverUS-86/W2PAIR_0069/panel_b_preprocessed.png,W2PAIR_0019,False
W2PAIR_0020__original,W2PAIR_0020,LiverUS-118,val,original,0,/kaggle/input/datasets/omneyasaeid/week3-full-outputs-for-week4-zip/project_rooting_week3/derived/preprocessed_pairs/val/LiverUS-86/W2PAIR_0069/panel_a_preprocessed.png,/kaggle/input/datasets/omneyasaeid/week3-full-outputs-for-week4-zip/project_rooting_week3/derived/preprocessed_pairs/val/LiverUS-86/W2PAIR_0069/panel_b_preprocessed.png,W2PAIR_0020,False
W2PAIR_0021__original,W2PAIR_0021,LiverUS-118,val,original,0,/kaggle/input/datasets/omneyasaeid/week3-full-outputs-for-week4-zip/project_rooting_week3/derived/preprocessed_pairs/val/LiverUS-86/W2PAIR_0069/panel_a_preprocessed.png,/kaggle/input/datasets/omneyasaeid/week3-full-outputs-for-week4-zip/project_rooting_week3/derived/preprocessed_pairs/val/LiverUS-86/W2PAIR_0069/panel_b_preprocessed.png,W2PAIR_0021,False
W2PAIR_0022__original,W2PAIR_0022,LiverUS-118,val,original,0,/kaggle/input/datasets/omneyasaeid/week3-full-outputs-for-week4-zip/project_rooting_week3/derived/preprocessed_pairs/val/LiverUS-86/W2PAIR_0069/panel_a_preprocessed.png,/kaggle/input/datasets/omneyasaeid/week3-full-outputs-for-week4-zip/project_rooting_week3/derived/preprocessed_pairs/val/LiverUS-86/W2PAIR_0069/panel_b_preprocessed.png,W2PAIR_0022,False
W2PAIR_0023__original,W2PAIR_0023,LiverUS-118,val,original,0,/kaggle/input/datasets/omneyasaeid/week3-full-outputs-for-week4-zip/project_rooting_week3/derived/preprocessed_pairs/val/LiverUS-86/W2PAIR_0069/panel_a_preprocessed.png,/kaggle/input/datasets/omneyasaeid/week3-full-outputs-for-week4-zip/project_rooting_week3/derived/preprocessed_pairs/val/LiverUS-86/W2PAIR_0069/panel_b_preprocessed.png,W2PAIR_0023,False
W2PAIR_0024__original,W2PAIR_0024,LiverUS-118,val,original,0,/kaggle/input/datasets/omneyasaeid/week3-full-outputs-for-week4-zip/project_rooting_week3/derived/preprocessed_pairs/val/LiverUS-86/W2PAIR_0069/panel_a_preprocessed.png,/kaggle/input/datasets/omneyasaeid/week3-full-outputs-for-week4-zip/project_rooting_week3/derived/preprocessed_pairs/val/LiverUS-86/W2PAIR_0069/panel_b_preprocessed.png,W2PAIR_0024,False
W2PAIR_0025__original,W2PAIR_0025,LiverUS-118,val,original,0,/kaggle/input/datasets/omneyasaeid/week3-full-outputs-for-week4-zip/project_rooting_week3/derived/preprocessed_pairs/val/LiverUS-86/W2PAIR_0069/panel_a_preprocessed.png,/kaggle/input/datasets/omneyasaeid/week3-full-outputs-for-week4-zip/project_rooting_week3/derived/preprocessed_pairs/val/LiverUS-86/W2PAIR_0069/panel_b_preprocessed.png,W2PAIR_0025,False
W2PAIR_0026__original,W2PAIR_0026,LiverUS-63,train,original,0,/kaggle/input/datasets/omneyasaeid/week3-full-outputs-for-week4-zip/project_rooting_week3/derived/preprocessed_pairs/val/LiverUS-86/W2PAIR_0069/panel_a_preprocessed.png,/kaggle/input/datasets/omneyasaeid/week3-full-outputs-for-week4-zip/project_rooting_week3/derived/preprocessed_pairs/val/LiverUS-86/W2PAIR_0069/panel_b_preprocessed.png,W2PAIR_0026,False
W2PAIR_0027__original,W2PAIR_0027,LiverUS-63,train,original,0,/kaggle/input/datasets/omneyasaeid/week3-full-outputs-for-week4-zip/project_rooting_week3/derived/preprocessed_pairs/val/LiverUS-86/W2PAIR_0069/panel_a_preprocessed.png,/kaggle/input/datasets/omneyasaeid/week3-full-outputs-for-week4-zip/project_rooting_week3/derived/preprocessed_pairs/val/LiverUS-86/W2PAIR_0069/panel_b_preprocessed.png,W2PAIR_0027,False
W2PAIR_0028__original,W2PAIR_0028,LiverUS-63,train,original,0,/kaggle/input/datasets/omneyasaeid/week3-full-outputs-for-week4-zip/project_rooting_week3/derived/preprocessed_pairs/val/LiverUS-86/W2PAIR_0069/panel_a_preprocessed.png,/kaggle/input/datasets/omneyasaeid/week3-full-outputs-for-week4-zip/project_rooting_week3/derived/preprocessed_pairs/val/LiverUS-86/W2PAIR_0069/panel_b_preprocessed.png,W2PAIR_0028,False
W2PAIR_0029__original,W2PAIR_0029,LiverUS-63,train,original,0,/kaggle/input/datasets/omneyasaeid/week3-full-outputs-for-week4-zip/project_rooting_week3/derived/preprocessed_pairs/val/LiverUS-86/W2PAIR_0069/panel_a_preprocessed.png,/kaggle/input/datasets/omneyasaeid/week3-full-outputs-for-week4-zip/project_rooting_week3/derived/preprocessed_pairs/val/LiverUS-86/W2PAIR_0069/panel_b_preprocessed.png,W2PAIR_0029,False
W2PAIR_0030__original,W2PAIR_0030,LiverUS-63,train,original,0,/kaggle/input/datasets/omneyasaeid/week3-full-outputs-for-week4-zip/project_rooting_week3/derived/preprocessed_pairs/val/LiverUS-86/W2PAIR_0069/panel_a_preprocessed.png,/kaggle/input/datasets/omneyasaeid/week3-full-outputs-for-week4-zip/project_rooting_week3/derived/preprocessed_pairs/val/LiverUS-86/W2PAIR_0069/panel_b_preprocessed.png,W2PAIR_0030,False
W2PAIR_0031__original,W2PAIR_0031,LiverUS-63,train,original,0,/kaggle/input/datasets/omneyasaeid/week3-full-outputs-for-week4-zip/project_rooting_week3/derived/preprocessed_pairs/val/LiverUS-86/W2PAIR_0069/panel_a_preprocessed.png,/kaggle/input/datasets/omneyasaeid/week3-full-outputs-for-week4-zip/project_rooting_week3/derived/preprocessed_pairs/val/LiverUS-86/W2PAIR_0069/panel_b_preprocessed.png,W2PAIR_0031,False
W2PAIR_0032__original,W2PAIR_0032,LiverUS-63,train,original,0,/kaggle/input/datasets/omneyasaeid/week3-full-outputs-for-week4-zip/project_rooting_week3/derived/preprocessed_pairs/val/LiverUS-86/W2PAIR_0069/panel_a_preprocessed.png,/kaggle/input/datasets/omneyasaeid/week3-full-outputs-for-week4-zip/project_rooting_week3/derived/preprocessed_pairs/val/LiverUS-86/W2PAIR_0069/panel_b_preprocessed.png,W2PAIR_0032,False
W2PAIR_0033__original,W2PAIR_0033,LiverUS-73,train,original,0,/kaggle/input/datasets/omneyasaeid/week3-full-outputs-for-week4-zip/project_rooting_week3/derived/preprocessed_pairs/val/LiverUS-86/W2PAIR_0069/panel_a_preprocessed.png,/kaggle/input/datasets/omneyasaeid/week3-full-outputs-for-week4-zip/project_rooting_week3/derived/preprocessed_pairs/val/LiverUS-86/W2PAIR_0069/panel_b_preprocessed.png,W2PAIR_0033,False
W2PAIR_0034__original,W2PAIR_0034,LiverUS-73,train,original,0,/kaggle/input/datasets/omneyasaeid/week3-full-outputs-for-week4-zip/project_rooting_week3/derived/preprocessed_pairs/val/LiverUS-86/W2PAIR_0069/panel_a_preprocessed.png,/kaggle/input/datasets/omneyasaeid/week3-full-outputs-for-week4-zip/project_rooting_week3/derived/preprocessed_pairs/val/LiverUS-86/W2PAIR_0069/panel_b_preprocessed.png,W2PAIR_0034,False
W2PAIR_0035__original,W2PAIR_0035,LiverUS-73,train,original,0,/kaggle/input/datasets/omneyasaeid/week3-full-outputs-for-week4-zip/project_rooting_week3/derived/preprocessed_pairs/val/LiverUS-86/W2PAIR_0069/panel_a_preprocessed.png,/kaggle/input/datasets/omneyasaeid/week3-full-outputs-for-week4-zip/project_rooting_week3/derived/preprocessed_pairs/val/LiverUS-86/W2PAIR_0069/panel_b_preprocessed.png,W2PAIR_0035,False
W2PAIR_0036__original,W2PAIR_0036,LiverUS-73,train,original,0,/kaggle/input/datasets/omneyasaeid/week3-full-outputs-for-week4-zip/project_rooting_week3/derived/preprocessed_pairs/val/LiverUS-86/W2PAIR_0069/panel_a_preprocessed.png,/kaggle/input/datasets/omneyasaeid/week3-full-outputs-for-week4-zip/project_rooting_week3/derived/preprocessed_pairs/val/LiverUS-86/W2PAIR_0069/panel_b_preprocessed.png,W2PAIR_0036,False
W2PAIR_0037__original,W2PAIR_0037,LiverUS-73,train,original,0,/kaggle/input/datasets/omneyasaeid/week3-full-outputs-for-week4-zip/project_rooting_week3/derived/preprocessed_pairs/val/LiverUS-86/W2PAIR_0069/panel_a_preprocessed.png,/kaggle/input/datasets/omneyasaeid/week3-full-outputs-for-week4-zip/project_rooting_week3/derived/preprocessed_pairs/val/LiverUS-86/W2PAIR_0069/panel_b_preprocessed.png,W2PAIR_0037,False
W2PAIR_0038__original,W2PAIR_0038,LiverUS-73,train,original,0,/kaggle/input/datasets/omneyasaeid/week3-full-outputs-for-week4-zip/project_rooting_week3/derived/preprocessed_pairs/val/LiverUS-86/W2PAIR_0069/panel_a_preprocessed.png,/kaggle/input/datasets/omneyasaeid/week3-full-outputs-for-week4-zip/project_rooting_week3/derived/preprocessed_pairs/val/LiverUS-86/W2PAIR_0069/panel_b_preprocessed.png,W2PAIR_0038,False
W2PAIR_0039__original,W2PAIR_0039,LiverUS-73,train,original,0,/kaggle/input/datasets/omneyasaeid/week3-full-outputs-for-week4-zip/project_rooting_week3/derived/preprocessed_pairs/val/LiverUS-86/W2PAIR_0069/panel_a_preprocessed.png,/kaggle/input/datasets/omneyasaeid/week3-full-outputs-for-week4-zip/project_rooting_week3/derived/preprocessed_pairs/val/LiverUS-86/W2PAIR_0069/panel_b_preprocessed.png,W2PAIR_0039,False
W2PAIR_0040__original,W2PAIR_0040,LiverUS-73,train,original,0,/kaggle/input/datasets/omneyasaeid/week3-full-outputs-for-week4-zip/project_rooting_week3/derived/preprocessed_pairs/val/LiverUS-86/W2PAIR_0069/panel_a_preprocessed.png,/kaggle/input/datasets/omneyasaeid/week3-full-outputs-for-week4-zip/project_rooting_week3/derived/preprocessed_pairs/val/LiverUS-86/W2PAIR_0069/panel_b_preprocessed.png,W2PAIR_0040,False
W2PAIR_0041__original,W2PAIR_0041,LiverUS-73,train,original,0,/kaggle/input/datasets/omneyasaeid/week3-full-outputs-for-week4-zip/project_rooting_week3/derived/preprocessed_pairs/val/LiverUS-86/W2PAIR_0069/panel_a_preprocessed.png,/kaggle/input/datasets/omneyasaeid/week3-full-outputs-for-week4-zip/project_rooting_week3/derived/preprocessed_pairs/val/LiverUS-86/W2PAIR_0069/panel_b_preprocessed.png,W2PAIR_0041,False
W2PAIR_0042__original,W2PAIR_0042,LiverUS-76,train,original,0,/kaggle/input/datasets/omneyasaeid/week3-full-outputs-for-week4-zip/project_rooting_week3/derived/preprocessed_pairs/val/LiverUS-86/W2PAIR_0069/panel_a_preprocessed.png,/kaggle/input/datasets/omneyasaeid/week3-full-outputs-for-week4-zip/project_rooting_week3/derived/preprocessed_pairs/val/LiverUS-86/W2PAIR_0069/panel_b_preprocessed.png,W2PAIR_0042,False
W2PAIR_0043__original,W2PAIR_0043,LiverUS-76,train,original,0,/kaggle/input/datasets/omneyasaeid/week3-full-outputs-for-week4-zip/project_rooting_week3/derived/preprocessed_pairs/val/LiverUS-86/W2PAIR_0069/panel_a_preprocessed.png,/kaggle/input/datasets/omneyasaeid/week3-full-outputs-for-week4-zip/project_rooting_week3/derived/preprocessed_pairs/val/LiverUS-86/W2PAIR_0069/panel_b_preprocessed.png,W2PAIR_0043,False
W2PAIR_0044__original,W2PAIR_0044,LiverUS-76,train,original,0,/kaggle/input/datasets/omneyasaeid/week3-full-outputs-for-week4-zip/project_rooting_week3/derived/preprocessed_pairs/val/LiverUS-86/W2PAIR_0069/panel_a_preprocessed.png,/kaggle/input/datasets/omneyasaeid/week3-full-outputs-for-week4-zip/project_rooting_week3/derived/preprocessed_pairs/val/LiverUS-86/W2PAIR_0069/panel_b_preprocessed.png,W2PAIR_0044,False
W2PAIR_0045__original,W2PAIR_0045,LiverUS-76,train,original,0,/kaggle/input/datasets/omneyasaeid/week3-full-outputs-for-week4-zip/project_rooting_week3/derived/preprocessed_pairs/val/LiverUS-86/W2PAIR_0069/panel_a_preprocessed.png,/kaggle/input/datasets/omneyasaeid/week3-full-outputs-for-week4-zip/project_rooting_week3/derived/preprocessed_pairs/val/LiverUS-86/W2PAIR_0069/panel_b_preprocessed.png,W2PAIR_0045,False
W2PAIR_0046__original,W2PAIR_0046,LiverUS-76,train,original,0,/kaggle/input/datasets/omneyasaeid/week3-full-outputs-for-week4-zip/project_rooting_week3/derived/preprocessed_pairs/val/LiverUS-86/W2PAIR_0069/panel_a_preprocessed.png,/kaggle/input/datasets/omneyasaeid/week3-full-outputs-for-week4-zip/project_rooting_week3/derived/preprocessed_pairs/val/LiverUS-86/W2PAIR_0069/panel_b_preprocessed.png,W2PAIR_0046,False
W2PAIR_0047__original,W2PAIR_0047,LiverUS-76,train,original,0,/kaggle/input/datasets/omneyasaeid/week3-full-outputs-for-week4-zip/project_rooting_week3/derived/preprocessed_pairs/val/LiverUS-86/W2PAIR_0069/panel_a_preprocessed.png,/kaggle/input/datasets/omneyasaeid/week3-full-outputs-for-week4-zip/project_rooting_week3/derived/preprocessed_pairs/val/LiverUS-86/W2PAIR_0069/panel_b_preprocessed.png,W2PAIR_0047,False
W2PAIR_0048__original,W2PAIR_0048,LiverUS-76,train,original,0,/kaggle/input/datasets/omneyasaeid/week3-full-outputs-for-week4-zip/project_rooting_week3/derived/preprocessed_pairs/val/LiverUS-86/W2PAIR_0069/panel_a_preprocessed.png,/kaggle/input/datasets/omneyasaeid/week3-full-outputs-for-week4-zip/project_rooting_week3/derived/preprocessed_pairs/val/LiverUS-86/W2PAIR_0069/panel_b_preprocessed.png,W2PAIR_0048,False
W2PAIR_0049__original,W2PAIR_0049,LiverUS-76,train,original,0,/kaggle/input/datasets/omneyasaeid/week3-full-outputs-for-week4-zip/project_rooting_week3/derived/preprocessed_pairs/val/LiverUS-86/W2PAIR_0069/panel_a_preprocessed.png,/kaggle/input/datasets/omneyasaeid/week3-full-outputs-for-week4-zip/project_rooting_week3/derived/preprocessed_pairs/val/LiverUS-86/W2PAIR_0069/panel_b_preprocessed.png,W2PAIR_0049,False
W2PAIR_0050__original,W2PAIR_0050,LiverUS-76,train,original,0,/kaggle/input/datasets/omneyasaeid/week3-full-outputs-for-week4-zip/project_rooting_week3/derived/preprocessed_pairs/val/LiverUS-86/W2PAIR_0069/panel_a_preprocessed.png,/kaggle/input/datasets/omneyasaeid/week3-full-outputs-for-week4-zip/project_rooting_week3/derived/preprocessed_pairs/val/LiverUS-86/W2PAIR_0069/panel_b_preprocessed.png,W2PAIR_0050,False
W2PAIR_0051__original,W2PAIR_0051,LiverUS-76,train,original,0,/kaggle/input/datasets/omneyasaeid/week3-full-outputs-for-week4-zip/project_rooting_week3/derived/preprocessed_pairs/val/LiverUS-86/W2PAIR_0069/panel_a_preprocessed.png,/kaggle/input/datasets/omneyasaeid/week3-full-outputs-for-week4-zip/project_rooting_week3/derived/preprocessed_pairs/val/LiverUS-86/W2PAIR_0069/panel_b_preprocessed.png,W2PAIR_0051,False
W2PAIR_0052__original,W2PAIR_0052,LiverUS-76,train,original,0,/kaggle/input/datasets/omneyasaeid/week3-full-outputs-for-week4-zip/project_rooting_week3/derived/preprocessed_pairs/val/LiverUS-86/W2PAIR_0069/panel_a_preprocessed.png,/kaggle/input/datasets/omneyasaeid/week3-full-outputs-for-week4-zip/project_rooting_week3/derived/preprocessed_pairs/val/LiverUS-86/W2PAIR_0069/panel_b_preprocessed.png,W2PAIR_0052,False
W2PAIR_0053__original,W2PAIR_0053,LiverUS-76,train,original,0,/kaggle/input/datasets/omneyasaeid/week3-full-outputs-for-week4-zip/project_rooting_week3/derived/preprocessed_pairs/val/LiverUS-86/W2PAIR_0069/panel_a_preprocessed.png,/kaggle/input/datasets/omneyasaeid/week3-full-outputs-for-week4-zip/project_rooting_week3/derived/preprocessed_pairs/val/LiverUS-86/W2PAIR_0069/panel_b_preprocessed.png,W2PAIR_0053,False
W2PAIR_0054__original,W2PAIR_0054,LiverUS-76,train,original,0,/kaggle/input/datasets/omneyasaeid/week3-full-outputs-for-week4-zip/project_rooting_week3/derived/preprocessed_pairs/val/LiverUS-86/W2PAIR_0069/panel_a_preprocessed.png,/kaggle/input/datasets/omneyasaeid/week3-full-outputs-for-week4-zip/project_rooting_week3/derived/preprocessed_pairs/val/LiverUS-86/W2PAIR_0069/panel_b_preprocessed.png,W2PAIR_0054,False
W2PAIR_0055__original,W2PAIR_0055,LiverUS-84,test,original,0,/kaggle/input/datasets/omneyasaeid/week3-full-outputs-for-week4-zip/project_rooting_week3/derived/preprocessed_pairs/val/LiverUS-86/W2PAIR_0069/panel_a_preprocessed.png,/kaggle/input/datasets/omneyasaeid/week3-full-outputs-for-week4-zip/project_rooting_week3/derived/preprocessed_pairs/val/LiverUS-86/W2PAIR_0069/panel_b_preprocessed.png,W2PAIR_0055,False
W2PAIR_0056__original,W2PAIR_0056,LiverUS-84,test,original,0,/kaggle/input/datasets/omneyasaeid/week3-full-outputs-for-week4-zip/project_rooting_week3/derived/preprocessed_pairs/val/LiverUS-86/W2PAIR_0069/panel_a_preprocessed.png,/kaggle/input/datasets/omneyasaeid/week3-full-outputs-for-week4-zip/project_rooting_week3/derived/preprocessed_pairs/val/LiverUS-86/W2PAIR_0069/panel_b_preprocessed.png,W2PAIR_0056,False
W2PAIR_0057__original,W2PAIR_0057,LiverUS-84,test,original,0,/kaggle/input/datasets/omneyasaeid/week3-full-outputs-for-week4-zip/project_rooting_week3/derived/preprocessed_pairs/val/LiverUS-86/W2PAIR_0069/panel_a_preprocessed.png,/kaggle/input/datasets/omneyasaeid/week3-full-outputs-for-week4-zip/project_rooting_week3/derived/preprocessed_pairs/val/LiverUS-86/W2PAIR_0069/panel_b_preprocessed.png,W2PAIR_0057,False
W2PAIR_0058__original,W2PAIR_0058,LiverUS-84,test,original,0,/kaggle/input/datasets/omneyasaeid/week3-full-outputs-for-week4-zip/project_rooting_week3/derived/preprocessed_pairs/val/LiverUS-86/W2PAIR_0069/panel_a_preprocessed.png,/kaggle/input/datasets/omneyasaeid/week3-full-outputs-for-week4-zip/project_rooting_week3/derived/preprocessed_pairs/val/LiverUS-86/W2PAIR_0069/panel_b_preprocessed.png,W2PAIR_0058,False
W2PAIR_0059__original,W2PAIR_0059,LiverUS-84,test,original,0,/kaggle/input/datasets/omneyasaeid/week3-full-outputs-for-week4-zip/project_rooting_week3/derived/preprocessed_pairs/val/LiverUS-86/W2PAIR_0069/panel_a_preprocessed.png,/kaggle/input/datasets/omneyasaeid/week3-full-outputs-for-week4-zip/project_rooting_week3/derived/preprocessed_pairs/val/LiverUS-86/W2PAIR_0069/panel_b_preprocessed.png,W2PAIR_0059,False
W2PAIR_0060__original,W2PAIR_0060,LiverUS-84,test,original,0,/kaggle/input/datasets/omneyasaeid/week3-full-outputs-for-week4-zip/project_rooting_week3/derived/preprocessed_pairs/val/LiverUS-86/W2PAIR_0069/panel_a_preprocessed.png,/kaggle/input/datasets/omneyasaeid/week3-full-outputs-for-week4-zip/project_rooting_week3/derived/preprocessed_pairs/val/LiverUS-86/W2PAIR_0069/panel_b_preprocessed.png,W2PAIR_0060,False
W2PAIR_0061__original,W2PAIR_0061,LiverUS-84,test,original,0,/kaggle/input/datasets/omneyasaeid/week3-full-outputs-for-week4-zip/project_rooting_week3/derived/preprocessed_pairs/val/LiverUS-86/W2PAIR_0069/panel_a_preprocessed.png,/kaggle/input/datasets/omneyasaeid/week3-full-outputs-for-week4-zip/project_rooting_week3/derived/preprocessed_pairs/val/LiverUS-86/W2PAIR_0069/panel_b_preprocessed.png,W2PAIR_0061,False
W2PAIR_0062__original,W2PAIR_0062,LiverUS-84,test,original,0,/kaggle/input/datasets/omneyasaeid/week3-full-outputs-for-week4-zip/project_rooting_week3/derived/preprocessed_pairs/val/LiverUS-86/W2PAIR_0069/panel_a_preprocessed.png,/kaggle/input/datasets/omneyasaeid/week3-full-outputs-for-week4-zip/project_rooting_week3/derived/preprocessed_pairs/val/LiverUS-86/W2PAIR_0069/panel_b_preprocessed.png,W2PAIR_0062,False
W2PAIR_0063__original,W2PAIR_0063,LiverUS-86,val,original,0,/kaggle/input/datasets/omneyasaeid/week3-full-outputs-for-week4-zip/project_rooting_week3/derived/preprocessed_pairs/val/LiverUS-86/W2PAIR_0069/panel_a_preprocessed.png,/kaggle/input/datasets/omneyasaeid/week3-full-outputs-for-week4-zip/project_rooting_week3/derived/preprocessed_pairs/val/LiverUS-86/W2PAIR_0069/panel_b_preprocessed.png,W2PAIR_0063,False
W2PAIR_0064__original,W2PAIR_0064,LiverUS-86,val,original,0,/kaggle/input/datasets/omneyasaeid/week3-full-outputs-for-week4-zip/project_rooting_week3/derived/preprocessed_pairs/val/LiverUS-86/W2PAIR_0069/panel_a_preprocessed.png,/kaggle/input/datasets/omneyasaeid/week3-full-outputs-for-week4-zip/project_rooting_week3/derived/preprocessed_pairs/val/LiverUS-86/W2PAIR_0069/panel_b_preprocessed.png,W2PAIR_0064,False
W2PAIR_0065__original,W2PAIR_0065,LiverUS-86,val,original,0,/kaggle/input/datasets/omneyasaeid/week3-full-outputs-for-week4-zip/project_rooting_week3/derived/preprocessed_pairs/val/LiverUS-86/W2PAIR_0069/panel_a_preprocessed.png,/kaggle/input/datasets/omneyasaeid/week3-full-outputs-for-week4-zip/project_rooting_week3/derived/preprocessed_pairs/val/LiverUS-86/W2PAIR_0069/panel_b_preprocessed.png,W2PAIR_0065,False
W2PAIR_0066__original,W2PAIR_0066,LiverUS-86,val,original,0,/kaggle/input/datasets/omneyasaeid/week3-full-outputs-for-week4-zip/project_rooting_week3/derived/preprocessed_pairs/val/LiverUS-86/W2PAIR_0069/panel_a_preprocessed.png,/kaggle/input/datasets/omneyasaeid/week3-full-outputs-for-week4-zip/project_rooting_week3/derived/preprocessed_pairs/val/LiverUS-86/W2PAIR_0069/panel_b_preprocessed.png,W2PAIR_0066,False
W2PAIR_0067__original,W2PAIR_0067,LiverUS-86,val,original,0,/kaggle/input/datasets/omneyasaeid/week3-full-outputs-for-week4-zip/project_rooting_week3/derived/preprocessed_pairs/val/LiverUS-86/W2PAIR_0069/panel_a_preprocessed.png,/kaggle/input/datasets/omneyasaeid/week3-full-outputs-for-week4-zip/project_rooting_week3/derived/preprocessed_pairs/val/LiverUS-86/W2PAIR_0069/panel_b_preprocessed.png,W2PAIR_0067,False
W2PAIR_0068__original,W2PAIR_0068,LiverUS-86,val,original,0,/kaggle/input/datasets/omneyasaeid/week3-full-outputs-for-week4-zip/project_rooting_week3/derived/preprocessed_pairs/val/LiverUS-86/W2PAIR_0069/panel_a_preprocessed.png,/kaggle/input/datasets/omneyasaeid/week3-full-outputs-for-week4-zip/project_rooting_week3/derived/preprocessed_pairs/val/LiverUS-86/W2PAIR_0069/panel_b_preprocessed.png,W2PAIR_0068,False
W2PAIR_0069__original,W2PAIR_0069,LiverUS-86,val,original,0,/kaggle/input/datasets/omneyasaeid/week3-full-outputs-for-week4-zip/project_rooting_week3/derived/preprocessed_pairs/val/LiverUS-86/W2PAIR_0069/panel_a_preprocessed.png,/kaggle/input/datasets/omneyasaeid/week3-full-outputs-for-week4-zip/project_rooting_week3/derived/preprocessed_pairs/val/LiverUS-86/W2PAIR_0069/panel_b_preprocessed.png,W2PAIR_0069,False
W2PAIR_0070__original,W2PAIR_0070,LiverUS-86,val,original,0,/kaggle/input/datasets/omneyasaeid/week3-full-outputs-for-week4-zip/project_rooting_week3/derived/preprocessed_pairs/val/LiverUS-86/W2PAIR_0069/panel_a_preprocessed.png,/kaggle/input/datasets/omneyasaeid/week3-full-outputs-for-week4-zip/project_rooting_week3/derived/preprocessed_pairs/val/LiverUS-86/W2PAIR_0069/panel_b_preprocessed.png,W2PAIR_0070,False
W2PAIR_0071__original,W2PAIR_0071,LiverUS-86,val,original,0,/kaggle/input/datasets/omneyasaeid/week3-full-outputs-for-week4-zip/project_rooting_week3/derived/preprocessed_pairs/val/LiverUS-86/W2PAIR_0069/panel_a_preprocessed.png,/kaggle/input/datasets/omneyasaeid/week3-full-outputs-for-week4-zip/project_rooting_week3/derived/preprocessed_pairs/val/LiverUS-86/W2PAIR_0069/panel_b_preprocessed.png,W2PAIR_0071,False
W2PAIR_0072__original,W2PAIR_0072,LiverUS-86,val,original,0,/kaggle/input/datasets/omneyasaeid/week3-full-outputs-for-week4-zip/project_rooting_week3/derived/preprocessed_pairs/val/LiverUS-86/W2PAIR_0069/panel_a_preprocessed.png,/kaggle/input/datasets/omneyasaeid/week3-full-outputs-for-week4-zip/project_rooting_week3/derived/preprocessed_pairs/val/LiverUS-86/W2PAIR_0069/panel_b_preprocessed.png,W2PAIR_0072,False
W2PAIR_0073__original,W2PAIR_0073,LiverUS-86,val,original,0,/kaggle/input/datasets/omneyasaeid/week3-full-outputs-for-week4-zip/project_rooting_week3/derived/preprocessed_pairs/val/LiverUS-86/W2PAIR_0069/panel_a_preprocessed.png,/kaggle/input/datasets/omneyasaeid/week3-full-outputs-for-week4-zip/project_rooting_week3/derived/preprocessed_pairs/val/LiverUS-86/W2PAIR_0069/panel_b_preprocessed.png,W2PAIR_0073,False
W2PAIR_0074__original,W2PAIR_0074,LiverUS-86,val,original,0,/kaggle/input/datasets/omneyasaeid/week3-full-outputs-for-week4-zip/project_rooting_week3/derived/preprocessed_pairs/val/LiverUS-86/W2PAIR_0069/panel_a_preprocessed.png,/kaggle/input/datasets/omneyasaeid/week3-full-outputs-for-week4-zip/project_rooting_week3/derived/preprocessed_pairs/val/LiverUS-86/W2PAIR_0069/panel_b_preprocessed.png,W2PAIR_0074,False
W2PAIR_0075__original,W2PAIR_0075,LiverUS-86,val,original,0,/kaggle/input/datasets/omneyasaeid/week3-full-outputs-for-week4-zip/project_rooting_week3/derived/preprocessed_pairs/val/LiverUS-86/W2PAIR_0069/panel_a_preprocessed.png,/kaggle/input/datasets/omneyasaeid/week3-full-outputs-for-week4-zip/project_rooting_week3/derived/preprocessed_pairs/val/LiverUS-86/W2PAIR_0069/panel_b_preprocessed.png,W2PAIR_0075,False
W2PAIR_0076__original,W2PAIR_0076,LiverUS-86,val,original,0,/kaggle/input/datasets/omneyasaeid/week3-full-outputs-for-week4-zip/project_rooting_week3/derived/preprocessed_pairs/val/LiverUS-86/W2PAIR_0069/panel_a_preprocessed.png,/kaggle/input/datasets/omneyasaeid/week3-full-outputs-for-week4-zip/project_rooting_week3/derived/preprocessed_pairs/val/LiverUS-86/W2PAIR_0069/panel_b_preprocessed.png,W2PAIR_0076,False
W2PAIR_0077__original,W2PAIR_0077,LiverUS-86,val,original,0,/kaggle/input/datasets/omneyasaeid/week3-full-outputs-for-week4-zip/project_rooting_week3/derived/preprocessed_pairs/val/LiverUS-86/W2PAIR_0069/panel_a_preprocessed.png,/kaggle/input/datasets/omneyasaeid/week3-full-outputs-for-week4-zip/project_rooting_week3/derived/preprocessed_pairs/val/LiverUS-86/W2PAIR_0069/panel_b_preprocessed.png,W2PAIR_0077,False
W2PAIR_0001__aug_01,W2PAIR_0001,LiverUS-102,train,augmented,1,/kaggle/working/project_rooting_week4/derived/augmented_pairs/train/LiverUS-102/W2PAIR_0001/aug_01/panel_a_augmented.png,/kaggle/working/project_rooting_week4/derived/augmented_pairs/train/LiverUS-102/W2PAIR_0001/aug_01/panel_b_augmented.png,W2PAIR_0001,True
W2PAIR_0001__aug_02,W2PAIR_0001,LiverUS-102,train,augmented,2,/kaggle/working/project_rooting_week4/derived/augmented_pairs/train/LiverUS-102/W2PAIR_0001/aug_02/panel_a_augmented.png,/kaggle/working/project_rooting_week4/derived/augmented_pairs/train/LiverUS-102/W2PAIR_0001/aug_02/panel_b_augmented.png,W2PAIR_0001,True
W2PAIR_0001__aug_03,W2PAIR_0001,LiverUS-102,train,augmented,3,/kaggle/working/project_rooting_week4/derived/augmented_pairs/train/LiverUS-102/W2PAIR_0001/aug_03/panel_a_augmented.png,/kaggle/working/project_rooting_week4/derived/augmented_pairs/train/LiverUS-102/W2PAIR_0001/aug_03/panel_b_augmented.png,W2PAIR_0001,True
W2PAIR_0002__aug_01,W2PAIR_0002,LiverUS-102,train,augmented,1,/kaggle/working/project_rooting_week4/derived/augmented_pairs/train/LiverUS-102/W2PAIR_0002/aug_01/panel_a_augmented.png,/kaggle/working/project_rooting_week4/derived/augmented_pairs/train/LiverUS-102/W2PAIR_0002/aug_01/panel_b_augmented.png,W2PAIR_0002,True
W2PAIR_0002__aug_02,W2PAIR_0002,LiverUS-102,train,augmented,2,/kaggle/working/project_rooting_week4/derived/augmented_pairs/train/LiverUS-102/W2PAIR_0002/aug_02/panel_a_augmented.png,/kaggle/working/project_rooting_week4/derived/augmented_pairs/train/LiverUS-102/W2PAIR_0002/aug_02/panel_b_augmented.png,W2PAIR_0002,True
W2PAIR_0002__aug_03,W2PAIR_0002,LiverUS-102,train,augmented,3,/kaggle/working/project_rooting_week4/derived/augmented_pairs/train/LiverUS-102/W2PAIR_0002/aug_03/panel_a_augmented.png,/kaggle/working/project_rooting_week4/derived/augmented_pairs/train/LiverUS-102/W2PAIR_0002/aug_03/panel_b_augmented.png,W2PAIR_0002,True
W2PAIR_0003__aug_01,W2PAIR_0003,LiverUS-102,train,augmented,1,/kaggle/working/project_rooting_week4/derived/augmented_pairs/train/LiverUS-102/W2PAIR_0003/aug_01/panel_a_augmented.png,/kaggle/working/project_rooting_week4/derived/augmented_pairs/train/LiverUS-102/W2PAIR_0003/aug_01/panel_b_augmented.png,W2PAIR_0003,True
W2PAIR_0003__aug_02,W2PAIR_0003,LiverUS-102,train,augmented,2,/kaggle/working/project_rooting_week4/derived/augmented_pairs/train/LiverUS-102/W2PAIR_0003/aug_02/panel_a_augmented.png,/kaggle/working/project_rooting_week4/derived/augmented_pairs/train/LiverUS-102/W2PAIR_0003/aug_02/panel_b_augmented.png,W2PAIR_0003,True
W2PAIR_0003__aug_03,W2PAIR_0003,LiverUS-102,train,augmented,3,/kaggle/working/project_rooting_week4/derived/augmented_pairs/train/LiverUS-102/W2PAIR_0003/aug_03/panel_a_augmented.png,/kaggle/working/project_rooting_week4/derived/augmented_pairs/train/LiverUS-102/W2PAIR_0003/aug_03/panel_b_augmented.png,W2PAIR_0003,True
W2PAIR_0004__aug_01,W2PAIR_0004,LiverUS-102,train,augmented,1,/kaggle/working/project_rooting_week4/derived/augmented_pairs/train/LiverUS-102/W2PAIR_0004/aug_01/panel_a_augmented.png,/kaggle/working/project_rooting_week4/derived/augmented_pairs/train/LiverUS-102/W2PAIR_0004/aug_01/panel_b_augmented.png,W2PAIR_0004,True
W2PAIR_0004__aug_02,W2PAIR_0004,LiverUS-102,train,augmented,2,/kaggle/working/project_rooting_week4/derived/augmented_pairs/train/LiverUS-102/W2PAIR_0004/aug_02/panel_a_augmented.png,/kaggle/working/project_rooting_week4/derived/augmented_pairs/train/LiverUS-102/W2PAIR_0004/aug_02/panel_b_augmented.png,W2PAIR_0004,True
W2PAIR_0004__aug_03,W2PAIR_0004,LiverUS-102,train,augmented,3,/kaggle/working/project_rooting_week4/derived/augmented_pairs/train/LiverUS-102/W2PAIR_0004/aug_03/panel_a_augmented.png,/kaggle/working/project_rooting_week4/derived/augmented_pairs/train/LiverUS-102/W2PAIR_0004/aug_03/panel_b_augmented.png,W2PAIR_0004,True
W2PAIR_0005__aug_01,W2PAIR_0005,LiverUS-102,train,augmented,1,/kaggle/working/project_rooting_week4/derived/augmented_pairs/train/LiverUS-102/W2PAIR_0005/aug_01/panel_a_augmented.png,/kaggle/working/project_rooting_week4/derived/augmented_pairs/train/LiverUS-102/W2PAIR_0005/aug_01/panel_b_augmented.png,W2PAIR_0005,True
W2PAIR_0005__aug_02,W2PAIR_0005,LiverUS-102,train,augmented,2,/kaggle/working/project_rooting_week4/derived/augmented_pairs/train/LiverUS-102/W2PAIR_0005/aug_02/panel_a_augmented.png,/kaggle/working/project_rooting_week4/derived/augmented_pairs/train/LiverUS-102/W2PAIR_0005/aug_02/panel_b_augmented.png,W2PAIR_0005,True
W2PAIR_0005__aug_03,W2PAIR_0005,LiverUS-102,train,augmented,3,/kaggle/working/project_rooting_week4/derived/augmented_pairs/train/LiverUS-102/W2PAIR_0005/aug_03/panel_a_augmented.png,/kaggle/working/project_rooting_week4/derived/augmented_pairs/train/LiverUS-102/W2PAIR_0005/aug_03/panel_b_augmented.png,W2PAIR_0005,True
W2PAIR_0006__aug_01,W2PAIR_0006,LiverUS-102,train,augmented,1,/kaggle/working/project_rooting_week4/derived/augmented_pairs/train/LiverUS-102/W2PAIR_0006/aug_01/panel_a_augmented.png,/kaggle/working/project_rooting_week4/derived/augmented_pairs/train/LiverUS-102/W2PAIR_0006/aug_01/panel_b_augmented.png,W2PAIR_0006,True
W2PAIR_0006__aug_02,W2PAIR_0006,LiverUS-102,train,augmented,2,/kaggle/working/project_rooting_week4/derived/augmented_pairs/train/LiverUS-102/W2PAIR_0006/aug_02/panel_a_augmented.png,/kaggle/working/project_rooting_week4/derived/augmented_pairs/train/LiverUS-102/W2PAIR_0006/aug_02/panel_b_augmented.png,W2PAIR_0006,True
W2PAIR_0006__aug_03,W2PAIR_0006,LiverUS-102,train,augmented,3,/kaggle/working/project_rooting_week4/derived/augmented_pairs/train/LiverUS-102/W2PAIR_0006/aug_03/panel_a_augmented.png,/kaggle/working/project_rooting_week4/derived/augmented_pairs/train/LiverUS-102/W2PAIR_0006/aug_03/panel_b_augmented.png,W2PAIR_0006,True
W2PAIR_0007__aug_01,W2PAIR_0007,LiverUS-102,train,augmented,1,/kaggle/working/project_rooting_week4/derived/augmented_pairs/train/LiverUS-102/W2PAIR_0007/aug_01/panel_a_augmented.png,/kaggle/working/project_rooting_week4/derived/augmented_pairs/train/LiverUS-102/W2PAIR_0007/aug_01/panel_b_augmented.png,W2PAIR_0007,True
W2PAIR_0007__aug_02,W2PAIR_0007,LiverUS-102,train,augmented,2,/kaggle/working/project_rooting_week4/derived/augmented_pairs/train/LiverUS-102/W2PAIR_0007/aug_02/panel_a_augmented.png,/kaggle/working/project_rooting_week4/derived/augmented_pairs/train/LiverUS-102/W2PAIR_0007/aug_02/panel_b_augmented.png,W2PAIR_0007,True
W2PAIR_0007__aug_03,W2PAIR_0007,LiverUS-102,train,augmented,3,/kaggle/working/project_rooting_week4/derived/augmented_pairs/train/LiverUS-102/W2PAIR_0007/aug_03/panel_a_augmented.png,/kaggle/working/project_rooting_week4/derived/augmented_pairs/train/LiverUS-102/W2PAIR_0007/aug_03/panel_b_augmented.png,W2PAIR_0007,True
W2PAIR_0012__aug_01,W2PAIR_0012,LiverUS-107,train,augmented,1,/kaggle/working/project_rooting_week4/derived/augmented_pairs/train/LiverUS-107/W2PAIR_0012/aug_01/panel_a_augmented.png,/kaggle/working/project_rooting_week4/derived/augmented_pairs/train/LiverUS-107/W2PAIR_0012/aug_01/panel_b_augmented.png,W2PAIR_0012,True
W2PAIR_0012__aug_02,W2PAIR_0012,LiverUS-107,train,augmented,2,/kaggle/working/project_rooting_week4/derived/augmented_pairs/train/LiverUS-107/W2PAIR_0012/aug_02/panel_a_augmented.png,/kaggle/working/project_rooting_week4/derived/augmented_pairs/train/LiverUS-107/W2PAIR_0012/aug_02/panel_b_augmented.png,W2PAIR_0012,True
W2PAIR_0012__aug_03,W2PAIR_0012,LiverUS-107,train,augmented,3,/kaggle/working/project_rooting_week4/derived/augmented_pairs/train/LiverUS-107/W2PAIR_0012/aug_03/panel_a_augmented.png,/kaggle/working/project_rooting_week4/derived/augmented_pairs/train/LiverUS-107/W2PAIR_0012/aug_03/panel_b_augmented.png,W2PAIR_0012,True
W2PAIR_0013__aug_01,W2PAIR_0013,LiverUS-107,train,augmented,1,/kaggle/working/project_rooting_week4/derived/augmented_pairs/train/LiverUS-107/W2PAIR_0013/aug_01/panel_a_augmented.png,/kaggle/working/project_rooting_week4/derived/augmented_pairs/train/LiverUS-107/W2PAIR_0013/aug_01/panel_b_augmented.png,W2PAIR_0013,True
W2PAIR_0013__aug_02,W2PAIR_0013,LiverUS-107,train,augmented,2,/kaggle/working/project_rooting_week4/derived/augmented_pairs/train/LiverUS-107/W2PAIR_0013/aug_02/panel_a_augmented.png,/kaggle/working/project_rooting_week4/derived/augmented_pairs/train/LiverUS-107/W2PAIR_0013/aug_02/panel_b_augmented.png,W2PAIR_0013,True
W2PAIR_0013__aug_03,W2PAIR_0013,LiverUS-107,train,augmented,3,/kaggle/working/project_rooting_week4/derived/augmented_pairs/train/LiverUS-107/W2PAIR_0013/aug_03/panel_a_augmented.png,/kaggle/working/project_rooting_week4/derived/augmented_pairs/train/LiverUS-107/W2PAIR_0013/aug_03/panel_b_augmented.png,W2PAIR_0013,True
W2PAIR_0014__aug_01,W2PAIR_0014,LiverUS-107,train,augmented,1,/kaggle/working/project_rooting_week4/derived/augmented_pairs/train/LiverUS-107/W2PAIR_0014/aug_01/panel_a_augmented.png,/kaggle/working/project_rooting_week4/derived/augmented_pairs/train/LiverUS-107/W2PAIR_0014/aug_01/panel_b_augmented.png,W2PAIR_0014,True
W2PAIR_0014__aug_02,W2PAIR_0014,LiverUS-107,train,augmented,2,/kaggle/working/project_rooting_week4/derived/augmented_pairs/train/LiverUS-107/W2PAIR_0014/aug_02/panel_a_augmented.png,/kaggle/working/project_rooting_week4/derived/augmented_pairs/train/LiverUS-107/W2PAIR_0014/aug_02/panel_b_augmented.png,W2PAIR_0014,True
W2PAIR_0014__aug_03,W2PAIR_0014,LiverUS-107,train,augmented,3,/kaggle/working/project_rooting_week4/derived/augmented_pairs/train/LiverUS-107/W2PAIR_0014/aug_03/panel_a_augmented.png,/kaggle/working/project_rooting_week4/derived/augmented_pairs/train/LiverUS-107/W2PAIR_0014/aug_03/panel_b_augmented.png,W2PAIR_0014,True
W2PAIR_0015__aug_01,W2PAIR_0015,LiverUS-110,train,augmented,1,/kaggle/working/project_rooting_week4/derived/augmented_pairs/train/LiverUS-110/W2PAIR_0015/aug_01/panel_a_augmented.png,/kaggle/working/project_rooting_week4/derived/augmented_pairs/train/LiverUS-110/W2PAIR_0015/aug_01/panel_b_augmented.png,W2PAIR_0015,True
W2PAIR_0015__aug_02,W2PAIR_0015,LiverUS-110,train,augmented,2,/kaggle/working/project_rooting_week4/derived/augmented_pairs/train/LiverUS-110/W2PAIR_0015/aug_02/panel_a_augmented.png,/kaggle/working/project_rooting_week4/derived/augmented_pairs/train/LiverUS-110/W2PAIR_0015/aug_02/panel_b_augmented.png,W2PAIR_0015,True
W2PAIR_0015__aug_03,W2PAIR_0015,LiverUS-110,train,augmented,3,/kaggle/working/project_rooting_week4/derived/augmented_pairs/train/LiverUS-110/W2PAIR_0015/aug_03/panel_a_augmented.png,/kaggle/working/project_rooting_week4/derived/augmented_pairs/train/LiverUS-110/W2PAIR_0015/aug_03/panel_b_augmented.png,W2PAIR_0015,True
W2PAIR_0016__aug_01,W2PAIR_0016,LiverUS-110,train,augmented,1,/kaggle/working/project_rooting_week4/derived/augmented_pairs/train/LiverUS-110/W2PAIR_0016/aug_01/panel_a_augmented.png,/kaggle/working/project_rooting_week4/derived/augmented_pairs/train/LiverUS-110/W2PAIR_0016/aug_01/panel_b_augmented.png,W2PAIR_0016,True
W2PAIR_0016__aug_02,W2PAIR_0016,LiverUS-110,train,augmented,2,/kaggle/working/project_rooting_week4/derived/augmented_pairs/train/LiverUS-110/W2PAIR_0016/aug_02/panel_a_augmented.png,/kaggle/working/project_rooting_week4/derived/augmented_pairs/train/LiverUS-110/W2PAIR_0016/aug_02/panel_b_augmented.png,W2PAIR_0016,True
W2PAIR_0016__aug_03,W2PAIR_0016,LiverUS-110,train,augmented,3,/kaggle/working/project_rooting_week4/derived/augmented_pairs/train/LiverUS-110/W2PAIR_0016/aug_03/panel_a_augmented.png,/kaggle/working/project_rooting_week4/derived/augmented_pairs/train/LiverUS-110/W2PAIR_0016/aug_03/panel_b_augmented.png,W2PAIR_0016,True
W2PAIR_0017__aug_01,W2PAIR_0017,LiverUS-110,train,augmented,1,/kaggle/working/project_rooting_week4/derived/augmented_pairs/train/LiverUS-110/W2PAIR_0017/aug_01/panel_a_augmented.png,/kaggle/working/project_rooting_week4/derived/augmented_pairs/train/LiverUS-110/W2PAIR_0017/aug_01/panel_b_augmented.png,W2PAIR_0017,True
W2PAIR_0017__aug_02,W2PAIR_0017,LiverUS-110,train,augmented,2,/kaggle/working/project_rooting_week4/derived/augmented_pairs/train/LiverUS-110/W2PAIR_0017/aug_02/panel_a_augmented.png,/kaggle/working/project_rooting_week4/derived/augmented_pairs/train/LiverUS-110/W2PAIR_0017/aug_02/panel_b_augmented.png,W2PAIR_0017,True
W2PAIR_0017__aug_03,W2PAIR_0017,LiverUS-110,train,augmented,3,/kaggle/working/project_rooting_week4/derived/augmented_pairs/train/LiverUS-110/W2PAIR_0017/aug_03/panel_a_augmented.png,/kaggle/working/project_rooting_week4/derived/augmented_pairs/train/LiverUS-110/W2PAIR_0017/aug_03/panel_b_augmented.png,W2PAIR_0017,True
W2PAIR_0018__aug_01,W2PAIR_0018,LiverUS-110,train,augmented,1,/kaggle/working/project_rooting_week4/derived/augmented_pairs/train/LiverUS-110/W2PAIR_0018/aug_01/panel_a_augmented.png,/kaggle/working/project_rooting_week4/derived/augmented_pairs/train/LiverUS-110/W2PAIR_0018/aug_01/panel_b_augmented.png,W2PAIR_0018,True
W2PAIR_0018__aug_02,W2PAIR_0018,LiverUS-110,train,augmented,2,/kaggle/working/project_rooting_week4/derived/augmented_pairs/train/LiverUS-110/W2PAIR_0018/aug_02/panel_a_augmented.png,/kaggle/working/project_rooting_week4/derived/augmented_pairs/train/LiverUS-110/W2PAIR_0018/aug_02/panel_b_augmented.png,W2PAIR_0018,True
W2PAIR_0018__aug_03,W2PAIR_0018,LiverUS-110,train,augmented,3,/kaggle/working/project_rooting_week4/derived/augmented_pairs/train/LiverUS-110/W2PAIR_0018/aug_03/panel_a_augmented.png,/kaggle/working/project_rooting_week4/derived/augmented_pairs/train/LiverUS-110/W2PAIR_0018/aug_03/panel_b_augmented.png,W2PAIR_0018,True
W2PAIR_0026__aug_01,W2PAIR_0026,LiverUS-63,train,augmented,1,/kaggle/working/project_rooting_week4/derived/augmented_pairs/train/LiverUS-63/W2PAIR_0026/aug_01/panel_a_augmented.png,/kaggle/working/project_rooting_week4/derived/augmented_pairs/train/LiverUS-63/W2PAIR_0026/aug_01/panel_b_augmented.png,W2PAIR_0026,True
W2PAIR_0026__aug_02,W2PAIR_0026,LiverUS-63,train,augmented,2,/kaggle/working/project_rooting_week4/derived/augmented_pairs/train/LiverUS-63/W2PAIR_0026/aug_02/panel_a_augmented.png,/kaggle/working/project_rooting_week4/derived/augmented_pairs/train/LiverUS-63/W2PAIR_0026/aug_02/panel_b_augmented.png,W2PAIR_0026,True
W2PAIR_0026__aug_03,W2PAIR_0026,LiverUS-63,train,augmented,3,/kaggle/working/project_rooting_week4/derived/augmented_pairs/train/LiverUS-63/W2PAIR_0026/aug_03/panel_a_augmented.png,/kaggle/working/project_rooting_week4/derived/augmented_pairs/train/LiverUS-63/W2PAIR_0026/aug_03/panel_b_augmented.png,W2PAIR_0026,True
W2PAIR_0027__aug_01,W2PAIR_0027,LiverUS-63,train,augmented,1,/kaggle/working/project_rooting_week4/derived/augmented_pairs/train/LiverUS-63/W2PAIR_0027/aug_01/panel_a_augmented.png,/kaggle/working/project_rooting_week4/derived/augmented_pairs/train/LiverUS-63/W2PAIR_0027/aug_01/panel_b_augmented.png,W2PAIR_0027,True
W2PAIR_0027__aug_02,W2PAIR_0027,LiverUS-63,train,augmented,2,/kaggle/working/project_rooting_week4/derived/augmented_pairs/train/LiverUS-63/W2PAIR_0027/aug_02/panel_a_augmented.png,/kaggle/working/project_rooting_week4/derived/augmented_pairs/train/LiverUS-63/W2PAIR_0027/aug_02/panel_b_augmented.png,W2PAIR_0027,True
W2PAIR_0027__aug_03,W2PAIR_0027,LiverUS-63,train,augmented,3,/kaggle/working/project_rooting_week4/derived/augmented_pairs/train/LiverUS-63/W2PAIR_0027/aug_03/panel_a_augmented.png,/kaggle/working/project_rooting_week4/derived/augmented_pairs/train/LiverUS-63/W2PAIR_0027/aug_03/panel_b_augmented.png,W2PAIR_0027,True
W2PAIR_0028__aug_01,W2PAIR_0028,LiverUS-63,train,augmented,1,/kaggle/working/project_rooting_week4/derived/augmented_pairs/train/LiverUS-63/W2PAIR_0028/aug_01/panel_a_augmented.png,/kaggle/working/project_rooting_week4/derived/augmented_pairs/train/LiverUS-63/W2PAIR_0028/aug_01/panel_b_augmented.png,W2PAIR_0028,True
W2PAIR_0028__aug_02,W2PAIR_0028,LiverUS-63,train,augmented,2,/kaggle/working/project_rooting_week4/derived/augmented_pairs/train/LiverUS-63/W2PAIR_0028/aug_02/panel_a_augmented.png,/kaggle/working/project_rooting_week4/derived/augmented_pairs/train/LiverUS-63/W2PAIR_0028/aug_02/panel_b_augmented.png,W2PAIR_0028,True
W2PAIR_0028__aug_03,W2PAIR_0028,LiverUS-63,train,augmented,3,/kaggle/working/project_rooting_week4/derived/augmented_pairs/train/LiverUS-63/W2PAIR_0028/aug_03/panel_a_augmented.png,/kaggle/working/project_rooting_week4/derived/augmented_pairs/train/LiverUS-63/W2PAIR_0028/aug_03/panel_b_augmented.png,W2PAIR_0028,True
W2PAIR_0029__aug_01,W2PAIR_0029,LiverUS-63,train,augmented,1,/kaggle/working/project_rooting_week4/derived/augmented_pairs/train/LiverUS-63/W2PAIR_0029/aug_01/panel_a_augmented.png,/kaggle/working/project_rooting_week4/derived/augmented_pairs/train/LiverUS-63/W2PAIR_0029/aug_01/panel_b_augmented.png,W2PAIR_0029,True
W2PAIR_0029__aug_02,W2PAIR_0029,LiverUS-63,train,augmented,2,/kaggle/working/project_rooting_week4/derived/augmented_pairs/train/LiverUS-63/W2PAIR_0029/aug_02/panel_a_augmented.png,/kaggle/working/project_rooting_week4/derived/augmented_pairs/train/LiverUS-63/W2PAIR_0029/aug_02/panel_b_augmented.png,W2PAIR_0029,True
W2PAIR_0029__aug_03,W2PAIR_0029,LiverUS-63,train,augmented,3,/kaggle/working/project_rooting_week4/derived/augmented_pairs/train/LiverUS-63/W2PAIR_0029/aug_03/panel_a_augmented.png,/kaggle/working/project_rooting_week4/derived/augmented_pairs/train/LiverUS-63/W2PAIR_0029/aug_03/panel_b_augmented.png,W2PAIR_0029,True
W2PAIR_0030__aug_01,W2PAIR_0030,LiverUS-63,train,augmented,1,/kaggle/working/project_rooting_week4/derived/augmented_pairs/train/LiverUS-63/W2PAIR_0030/aug_01/panel_a_augmented.png,/kaggle/working/project_rooting_week4/derived/augmented_pairs/train/LiverUS-63/W2PAIR_0030/aug_01/panel_b_augmented.png,W2PAIR_0030,True
W2PAIR_0030__aug_02,W2PAIR_0030,LiverUS-63,train,augmented,2,/kaggle/working/project_rooting_week4/derived/augmented_pairs/train/LiverUS-63/W2PAIR_0030/aug_02/panel_a_augmented.png,/kaggle/working/project_rooting_week4/derived/augmented_pairs/train/LiverUS-63/W2PAIR_0030/aug_02/panel_b_augmented.png,W2PAIR_0030,True
W2PAIR_0030__aug_03,W2PAIR_0030,LiverUS-63,train,augmented,3,/kaggle/working/project_rooting_week4/derived/augmented_pairs/train/LiverUS-63/W2PAIR_0030/aug_03/panel_a_augmented.png,/kaggle/working/project_rooting_week4/derived/augmented_pairs/train/LiverUS-63/W2PAIR_0030/aug_03/panel_b_augmented.png,W2PAIR_0030,True
W2PAIR_0031__aug_01,W2PAIR_0031,LiverUS-63,train,augmented,1,/kaggle/working/project_rooting_week4/derived/augmented_pairs/train/LiverUS-63/W2PAIR_0031/aug_01/panel_a_augmented.png,/kaggle/working/project_rooting_week4/derived/augmented_pairs/train/LiverUS-63/W2PAIR_0031/aug_01/panel_b_augmented.png,W2PAIR_0031,True
W2PAIR_0031__aug_02,W2PAIR_0031,LiverUS-63,train,augmented,2,/kaggle/working/project_rooting_week4/derived/augmented_pairs/train/LiverUS-63/W2PAIR_0031/aug_02/panel_a_augmented.png,/kaggle/working/project_rooting_week4/derived/augmented_pairs/train/LiverUS-63/W2PAIR_0031/aug_02/panel_b_augmented.png,W2PAIR_0031,True
W2PAIR_0031__aug_03,W2PAIR_0031,LiverUS-63,train,augmented,3,/kaggle/working/project_rooting_week4/derived/augmented_pairs/train/LiverUS-63/W2PAIR_0031/aug_03/panel_a_augmented.png,/kaggle/working/project_rooting_week4/derived/augmented_pairs/train/LiverUS-63/W2PAIR_0031/aug_03/panel_b_augmented.png,W2PAIR_0031,True
W2PAIR_0032__aug_01,W2PAIR_0032,LiverUS-63,train,augmented,1,/kaggle/working/project_rooting_week4/derived/augmented_pairs/train/LiverUS-63/W2PAIR_0032/aug_01/panel_a_augmented.png,/kaggle/working/project_rooting_week4/derived/augmented_pairs/train/LiverUS-63/W2PAIR_0032/aug_01/panel_b_augmented.png,W2PAIR_0032,True
W2PAIR_0032__aug_02,W2PAIR_0032,LiverUS-63,train,augmented,2,/kaggle/working/project_rooting_week4/derived/augmented_pairs/train/LiverUS-63/W2PAIR_0032/aug_02/panel_a_augmented.png,/kaggle/working/project_rooting_week4/derived/augmented_pairs/train/LiverUS-63/W2PAIR_0032/aug_02/panel_b_augmented.png,W2PAIR_0032,True
W2PAIR_0032__aug_03,W2PAIR_0032,LiverUS-63,train,augmented,3,/kaggle/working/project_rooting_week4/derived/augmented_pairs/train/LiverUS-63/W2PAIR_0032/aug_03/panel_a_augmented.png,/kaggle/working/project_rooting_week4/derived/augmented_pairs/train/LiverUS-63/W2PAIR_0032/aug_03/panel_b_augmented.png,W2PAIR_0032,True
W2PAIR_0033__aug_01,W2PAIR_0033,LiverUS-73,train,augmented,1,/kaggle/working/project_rooting_week4/derived/augmented_pairs/train/LiverUS-73/W2PAIR_0033/aug_01/panel_a_augmented.png,/kaggle/working/project_rooting_week4/derived/augmented_pairs/train/LiverUS-73/W2PAIR_0033/aug_01/panel_b_augmented.png,W2PAIR_0033,True
W2PAIR_0033__aug_02,W2PAIR_0033,LiverUS-73,train,augmented,2,/kaggle/working/project_rooting_week4/derived/augmented_pairs/train/LiverUS-73/W2PAIR_0033/aug_02/panel_a_augmented.png,/kaggle/working/project_rooting_week4/derived/augmented_pairs/train/LiverUS-73/W2PAIR_0033/aug_02/panel_b_augmented.png,W2PAIR_0033,True
W2PAIR_0033__aug_03,W2PAIR_0033,LiverUS-73,train,augmented,3,/kaggle/working/project_rooting_week4/derived/augmented_pairs/train/LiverUS-73/W2PAIR_0033/aug_03/panel_a_augmented.png,/kaggle/working/project_rooting_week4/derived/augmented_pairs/train/LiverUS-73/W2PAIR_0033/aug_03/panel_b_augmented.png,W2PAIR_0033,True
W2PAIR_0034__aug_01,W2PAIR_0034,LiverUS-73,train,augmented,1,/kaggle/working/project_rooting_week4/derived/augmented_pairs/train/LiverUS-73/W2PAIR_0034/aug_01/panel_a_augmented.png,/kaggle/working/project_rooting_week4/derived/augmented_pairs/train/LiverUS-73/W2PAIR_0034/aug_01/panel_b_augmented.png,W2PAIR_0034,True
W2PAIR_0034__aug_02,W2PAIR_0034,LiverUS-73,train,augmented,2,/kaggle/working/project_rooting_week4/derived/augmented_pairs/train/LiverUS-73/W2PAIR_0034/aug_02/panel_a_augmented.png,/kaggle/working/project_rooting_week4/derived/augmented_pairs/train/LiverUS-73/W2PAIR_0034/aug_02/panel_b_augmented.png,W2PAIR_0034,True
W2PAIR_0034__aug_03,W2PAIR_0034,LiverUS-73,train,augmented,3,/kaggle/working/project_rooting_week4/derived/augmented_pairs/train/LiverUS-73/W2PAIR_0034/aug_03/panel_a_augmented.png,/kaggle/working/project_rooting_week4/derived/augmented_pairs/train/LiverUS-73/W2PAIR_0034/aug_03/panel_b_augmented.png,W2PAIR_0034,True
W2PAIR_0035__aug_01,W2PAIR_0035,LiverUS-73,train,augmented,1,/kaggle/working/project_rooting_week4/derived/augmented_pairs/train/LiverUS-73/W2PAIR_0035/aug_01/panel_a_augmented.png,/kaggle/working/project_rooting_week4/derived/augmented_pairs/train/LiverUS-73/W2PAIR_0035/aug_01/panel_b_augmented.png,W2PAIR_0035,True
W2PAIR_0035__aug_02,W2PAIR_0035,LiverUS-73,train,augmented,2,/kaggle/working/project_rooting_week4/derived/augmented_pairs/train/LiverUS-73/W2PAIR_0035/aug_02/panel_a_augmented.png,/kaggle/working/project_rooting_week4/derived/augmented_pairs/train/LiverUS-73/W2PAIR_0035/aug_02/panel_b_augmented.png,W2PAIR_0035,True
W2PAIR_0035__aug_03,W2PAIR_0035,LiverUS-73,train,augmented,3,/kaggle/working/project_rooting_week4/derived/augmented_pairs/train/LiverUS-73/W2PAIR_0035/aug_03/panel_a_augmented.png,/kaggle/working/project_rooting_week4/derived/augmented_pairs/train/LiverUS-73/W2PAIR_0035/aug_03/panel_b_augmented.png,W2PAIR_0035,True
W2PAIR_0036__aug_01,W2PAIR_0036,LiverUS-73,train,augmented,1,/kaggle/working/project_rooting_week4/derived/augmented_pairs/train/LiverUS-73/W2PAIR_0036/aug_01/panel_a_augmented.png,/kaggle/working/project_rooting_week4/derived/augmented_pairs/train/LiverUS-73/W2PAIR_0036/aug_01/panel_b_augmented.png,W2PAIR_0036,True
W2PAIR_0036__aug_02,W2PAIR_0036,LiverUS-73,train,augmented,2,/kaggle/working/project_rooting_week4/derived/augmented_pairs/train/LiverUS-73/W2PAIR_0036/aug_02/panel_a_augmented.png,/kaggle/working/project_rooting_week4/derived/augmented_pairs/train/LiverUS-73/W2PAIR_0036/aug_02/panel_b_augmented.png,W2PAIR_0036,True
W2PAIR_0036__aug_03,W2PAIR_0036,LiverUS-73,train,augmented,3,/kaggle/working/project_rooting_week4/derived/augmented_pairs/train/LiverUS-73/W2PAIR_0036/aug_03/panel_a_augmented.png,/kaggle/working/project_rooting_week4/derived/augmented_pairs/train/LiverUS-73/W2PAIR_0036/aug_03/panel_b_augmented.png,W2PAIR_0036,True
W2PAIR_0037__aug_01,W2PAIR_0037,LiverUS-73,train,augmented,1,/kaggle/working/project_rooting_week4/derived/augmented_pairs/train/LiverUS-73/W2PAIR_0037/aug_01/panel_a_augmented.png,/kaggle/working/project_rooting_week4/derived/augmented_pairs/train/LiverUS-73/W2PAIR_0037/aug_01/panel_b_augmented.png,W2PAIR_0037,True
W2PAIR_0037__aug_02,W2PAIR_0037,LiverUS-73,train,augmented,2,/kaggle/working/project_rooting_week4/derived/augmented_pairs/train/LiverUS-73/W2PAIR_0037/aug_02/panel_a_augmented.png,/kaggle/working/project_rooting_week4/derived/augmented_pairs/train/LiverUS-73/W2PAIR_0037/aug_02/panel_b_augmented.png,W2PAIR_0037,True
W2PAIR_0037__aug_03,W2PAIR_0037,LiverUS-73,train,augmented,3,/kaggle/working/project_rooting_week4/derived/augmented_pairs/train/LiverUS-73/W2PAIR_0037/aug_03/panel_a_augmented.png,/kaggle/working/project_rooting_week4/derived/augmented_pairs/train/LiverUS-73/W2PAIR_0037/aug_03/panel_b_augmented.png,W2PAIR_0037,True
W2PAIR_0038__aug_01,W2PAIR_0038,LiverUS-73,train,augmented,1,/kaggle/working/project_rooting_week4/derived/augmented_pairs/train/LiverUS-73/W2PAIR_0038/aug_01/panel_a_augmented.png,/kaggle/working/project_rooting_week4/derived/augmented_pairs/train/LiverUS-73/W2PAIR_0038/aug_01/panel_b_augmented.png,W2PAIR_0038,True
W2PAIR_0038__aug_02,W2PAIR_0038,LiverUS-73,train,augmented,2,/kaggle/working/project_rooting_week4/derived/augmented_pairs/train/LiverUS-73/W2PAIR_0038/aug_02/panel_a_augmented.png,/kaggle/working/project_rooting_week4/derived/augmented_pairs/train/LiverUS-73/W2PAIR_0038/aug_02/panel_b_augmented.png,W2PAIR_0038,True
W2PAIR_0038__aug_03,W2PAIR_0038,LiverUS-73,train,augmented,3,/kaggle/working/project_rooting_week4/derived/augmented_pairs/train/LiverUS-73/W2PAIR_0038/aug_03/panel_a_augmented.png,/kaggle/working/project_rooting_week4/derived/augmented_pairs/train/LiverUS-73/W2PAIR_0038/aug_03/panel_b_augmented.png,W2PAIR_0038,True
W2PAIR_0039__aug_01,W2PAIR_0039,LiverUS-73,train,augmented,1,/kaggle/working/project_rooting_week4/derived/augmented_pairs/train/LiverUS-73/W2PAIR_0039/aug_01/panel_a_augmented.png,/kaggle/working/project_rooting_week4/derived/augmented_pairs/train/LiverUS-73/W2PAIR_0039/aug_01/panel_b_augmented.png,W2PAIR_0039,True
W2PAIR_0039__aug_02,W2PAIR_0039,LiverUS-73,train,augmented,2,/kaggle/working/project_rooting_week4/derived/augmented_pairs/train/LiverUS-73/W2PAIR_0039/aug_02/panel_a_augmented.png,/kaggle/working/project_rooting_week4/derived/augmented_pairs/train/LiverUS-73/W2PAIR_0039/aug_02/panel_b_augmented.png,W2PAIR_0039,True
W2PAIR_0039__aug_03,W2PAIR_0039,LiverUS-73,train,augmented,3,/kaggle/working/project_rooting_week4/derived/augmented_pairs/train/LiverUS-73/W2PAIR_0039/aug_03/panel_a_augmented.png,/kaggle/working/project_rooting_week4/derived/augmented_pairs/train/LiverUS-73/W2PAIR_0039/aug_03/panel_b_augmented.png,W2PAIR_0039,True
W2PAIR_0040__aug_01,W2PAIR_0040,LiverUS-73,train,augmented,1,/kaggle/working/project_rooting_week4/derived/augmented_pairs/train/LiverUS-73/W2PAIR_0040/aug_01/panel_a_augmented.png,/kaggle/working/project_rooting_week4/derived/augmented_pairs/train/LiverUS-73/W2PAIR_0040/aug_01/panel_b_augmented.png,W2PAIR_0040,True
W2PAIR_0040__aug_02,W2PAIR_0040,LiverUS-73,train,augmented,2,/kaggle/working/project_rooting_week4/derived/augmented_pairs/train/LiverUS-73/W2PAIR_0040/aug_02/panel_a_augmented.png,/kaggle/working/project_rooting_week4/derived/augmented_pairs/train/LiverUS-73/W2PAIR_0040/aug_02/panel_b_augmented.png,W2PAIR_0040,True
W2PAIR_0040__aug_03,W2PAIR_0040,LiverUS-73,train,augmented,3,/kaggle/working/project_rooting_week4/derived/augmented_pairs/train/LiverUS-73/W2PAIR_0040/aug_03/panel_a_augmented.png,/kaggle/working/project_rooting_week4/derived/augmented_pairs/train/LiverUS-73/W2PAIR_0040/aug_03/panel_b_augmented.png,W2PAIR_0040,True
W2PAIR_0041__aug_01,W2PAIR_0041,LiverUS-73,train,augmented,1,/kaggle/working/project_rooting_week4/derived/augmented_pairs/train/LiverUS-73/W2PAIR_0041/aug_01/panel_a_augmented.png,/kaggle/working/project_rooting_week4/derived/augmented_pairs/train/LiverUS-73/W2PAIR_0041/aug_01/panel_b_augmented.png,W2PAIR_0041,True
W2PAIR_0041__aug_02,W2PAIR_0041,LiverUS-73,train,augmented,2,/kaggle/working/project_rooting_week4/derived/augmented_pairs/train/LiverUS-73/W2PAIR_0041/aug_02/panel_a_augmented.png,/kaggle/working/project_rooting_week4/derived/augmented_pairs/train/LiverUS-73/W2PAIR_0041/aug_02/panel_b_augmented.png,W2PAIR_0041,True
W2PAIR_0041__aug_03,W2PAIR_0041,LiverUS-73,train,augmented,3,/kaggle/working/project_rooting_week4/derived/augmented_pairs/train/LiverUS-73/W2PAIR_0041/aug_03/panel_a_augmented.png,/kaggle/working/project_rooting_week4/derived/augmented_pairs/train/LiverUS-73/W2PAIR_0041/aug_03/panel_b_augmented.png,W2PAIR_0041,True
W2PAIR_0042__aug_01,W2PAIR_0042,LiverUS-76,train,augmented,1,/kaggle/working/project_rooting_week4/derived/augmented_pairs/train/LiverUS-76/W2PAIR_0042/aug_01/panel_a_augmented.png,/kaggle/working/project_rooting_week4/derived/augmented_pairs/train/LiverUS-76/W2PAIR_0042/aug_01/panel_b_augmented.png,W2PAIR_0042,True
W2PAIR_0042__aug_02,W2PAIR_0042,LiverUS-76,train,augmented,2,/kaggle/working/project_rooting_week4/derived/augmented_pairs/train/LiverUS-76/W2PAIR_0042/aug_02/panel_a_augmented.png,/kaggle/working/project_rooting_week4/derived/augmented_pairs/train/LiverUS-76/W2PAIR_0042/aug_02/panel_b_augmented.png,W2PAIR_0042,True
W2PAIR_0042__aug_03,W2PAIR_0042,LiverUS-76,train,augmented,3,/kaggle/working/project_rooting_week4/derived/augmented_pairs/train/LiverUS-76/W2PAIR_0042/aug_03/panel_a_augmented.png,/kaggle/working/project_rooting_week4/derived/augmented_pairs/train/LiverUS-76/W2PAIR_0042/aug_03/panel_b_augmented.png,W2PAIR_0042,True
W2PAIR_0043__aug_01,W2PAIR_0043,LiverUS-76,train,augmented,1,/kaggle/working/project_rooting_week4/derived/augmented_pairs/train/LiverUS-76/W2PAIR_0043/aug_01/panel_a_augmented.png,/kaggle/working/project_rooting_week4/derived/augmented_pairs/train/LiverUS-76/W2PAIR_0043/aug_01/panel_b_augmented.png,W2PAIR_0043,True
W2PAIR_0043__aug_02,W2PAIR_0043,LiverUS-76,train,augmented,2,/kaggle/working/project_rooting_week4/derived/augmented_pairs/train/LiverUS-76/W2PAIR_0043/aug_02/panel_a_augmented.png,/kaggle/working/project_rooting_week4/derived/augmented_pairs/train/LiverUS-76/W2PAIR_0043/aug_02/panel_b_augmented.png,W2PAIR_0043,True
W2PAIR_0043__aug_03,W2PAIR_0043,LiverUS-76,train,augmented,3,/kaggle/working/project_rooting_week4/derived/augmented_pairs/train/LiverUS-76/W2PAIR_0043/aug_03/panel_a_augmented.png,/kaggle/working/project_rooting_week4/derived/augmented_pairs/train/LiverUS-76/W2PAIR_0043/aug_03/panel_b_augmented.png,W2PAIR_0043,True
W2PAIR_0044__aug_01,W2PAIR_0044,LiverUS-76,train,augmented,1,/kaggle/working/project_rooting_week4/derived/augmented_pairs/train/LiverUS-76/W2PAIR_0044/aug_01/panel_a_augmented.png,/kaggle/working/project_rooting_week4/derived/augmented_pairs/train/LiverUS-76/W2PAIR_0044/aug_01/panel_b_augmented.png,W2PAIR_0044,True
W2PAIR_0044__aug_02,W2PAIR_0044,LiverUS-76,train,augmented,2,/kaggle/working/project_rooting_week4/derived/augmented_pairs/train/LiverUS-76/W2PAIR_0044/aug_02/panel_a_augmented.png,/kaggle/working/project_rooting_week4/derived/augmented_pairs/train/LiverUS-76/W2PAIR_0044/aug_02/panel_b_augmented.png,W2PAIR_0044,True
W2PAIR_0044__aug_03,W2PAIR_0044,LiverUS-76,train,augmented,3,/kaggle/working/project_rooting_week4/derived/augmented_pairs/train/LiverUS-76/W2PAIR_0044/aug_03/panel_a_augmented.png,/kaggle/working/project_rooting_week4/derived/augmented_pairs/train/LiverUS-76/W2PAIR_0044/aug_03/panel_b_augmented.png,W2PAIR_0044,True
W2PAIR_0045__aug_01,W2PAIR_0045,LiverUS-76,train,augmented,1,/kaggle/working/project_rooting_week4/derived/augmented_pairs/train/LiverUS-76/W2PAIR_0045/aug_01/panel_a_augmented.png,/kaggle/working/project_rooting_week4/derived/augmented_pairs/train/LiverUS-76/W2PAIR_0045/aug_01/panel_b_augmented.png,W2PAIR_0045,True
W2PAIR_0045__aug_02,W2PAIR_0045,LiverUS-76,train,augmented,2,/kaggle/working/project_rooting_week4/derived/augmented_pairs/train/LiverUS-76/W2PAIR_0045/aug_02/panel_a_augmented.png,/kaggle/working/project_rooting_week4/derived/augmented_pairs/train/LiverUS-76/W2PAIR_0045/aug_02/panel_b_augmented.png,W2PAIR_0045,True
W2PAIR_0045__aug_03,W2PAIR_0045,LiverUS-76,train,augmented,3,/kaggle/working/project_rooting_week4/derived/augmented_pairs/train/LiverUS-76/W2PAIR_0045/aug_03/panel_a_augmented.png,/kaggle/working/project_rooting_week4/derived/augmented_pairs/train/LiverUS-76/W2PAIR_0045/aug_03/panel_b_augmented.png,W2PAIR_0045,True
W2PAIR_0046__aug_01,W2PAIR_0046,LiverUS-76,train,augmented,1,/kaggle/working/project_rooting_week4/derived/augmented_pairs/train/LiverUS-76/W2PAIR_0046/aug_01/panel_a_augmented.png,/kaggle/working/project_rooting_week4/derived/augmented_pairs/train/LiverUS-76/W2PAIR_0046/aug_01/panel_b_augmented.png,W2PAIR_0046,True
W2PAIR_0046__aug_02,W2PAIR_0046,LiverUS-76,train,augmented,2,/kaggle/working/project_rooting_week4/derived/augmented_pairs/train/LiverUS-76/W2PAIR_0046/aug_02/panel_a_augmented.png,/kaggle/working/project_rooting_week4/derived/augmented_pairs/train/LiverUS-76/W2PAIR_0046/aug_02/panel_b_augmented.png,W2PAIR_0046,True
W2PAIR_0046__aug_03,W2PAIR_0046,LiverUS-76,train,augmented,3,/kaggle/working/project_rooting_week4/derived/augmented_pairs/train/LiverUS-76/W2PAIR_0046/aug_03/panel_a_augmented.png,/kaggle/working/project_rooting_week4/derived/augmented_pairs/train/LiverUS-76/W2PAIR_0046/aug_03/panel_b_augmented.png,W2PAIR_0046,True
W2PAIR_0047__aug_01,W2PAIR_0047,LiverUS-76,train,augmented,1,/kaggle/working/project_rooting_week4/derived/augmented_pairs/train/LiverUS-76/W2PAIR_0047/aug_01/panel_a_augmented.png,/kaggle/working/project_rooting_week4/derived/augmented_pairs/train/LiverUS-76/W2PAIR_0047/aug_01/panel_b_augmented.png,W2PAIR_0047,True
W2PAIR_0047__aug_02,W2PAIR_0047,LiverUS-76,train,augmented,2,/kaggle/working/project_rooting_week4/derived/augmented_pairs/train/LiverUS-76/W2PAIR_0047/aug_02/panel_a_augmented.png,/kaggle/working/project_rooting_week4/derived/augmented_pairs/train/LiverUS-76/W2PAIR_0047/aug_02/panel_b_augmented.png,W2PAIR_0047,True
W2PAIR_0047__aug_03,W2PAIR_0047,LiverUS-76,train,augmented,3,/kaggle/working/project_rooting_week4/derived/augmented_pairs/train/LiverUS-76/W2PAIR_0047/aug_03/panel_a_augmented.png,/kaggle/working/project_rooting_week4/derived/augmented_pairs/train/LiverUS-76/W2PAIR_0047/aug_03/panel_b_augmented.png,W2PAIR_0047,True
W2PAIR_0048__aug_01,W2PAIR_0048,LiverUS-76,train,augmented,1,/kaggle/working/project_rooting_week4/derived/augmented_pairs/train/LiverUS-76/W2PAIR_0048/aug_01/panel_a_augmented.png,/kaggle/working/project_rooting_week4/derived/augmented_pairs/train/LiverUS-76/W2PAIR_0048/aug_01/panel_b_augmented.png,W2PAIR_0048,True
W2PAIR_0048__aug_02,W2PAIR_0048,LiverUS-76,train,augmented,2,/kaggle/working/project_rooting_week4/derived/augmented_pairs/train/LiverUS-76/W2PAIR_0048/aug_02/panel_a_augmented.png,/kaggle/working/project_rooting_week4/derived/augmented_pairs/train/LiverUS-76/W2PAIR_0048/aug_02/panel_b_augmented.png,W2PAIR_0048,True
W2PAIR_0048__aug_03,W2PAIR_0048,LiverUS-76,train,augmented,3,/kaggle/working/project_rooting_week4/derived/augmented_pairs/train/LiverUS-76/W2PAIR_0048/aug_03/panel_a_augmented.png,/kaggle/working/project_rooting_week4/derived/augmented_pairs/train/LiverUS-76/W2PAIR_0048/aug_03/panel_b_augmented.png,W2PAIR_0048,True
W2PAIR_0049__aug_01,W2PAIR_0049,LiverUS-76,train,augmented,1,/kaggle/working/project_rooting_week4/derived/augmented_pairs/train/LiverUS-76/W2PAIR_0049/aug_01/panel_a_augmented.png,/kaggle/working/project_rooting_week4/derived/augmented_pairs/train/LiverUS-76/W2PAIR_0049/aug_01/panel_b_augmented.png,W2PAIR_0049,True
W2PAIR_0049__aug_02,W2PAIR_0049,LiverUS-76,train,augmented,2,/kaggle/working/project_rooting_week4/derived/augmented_pairs/train/LiverUS-76/W2PAIR_0049/aug_02/panel_a_augmented.png,/kaggle/working/project_rooting_week4/derived/augmented_pairs/train/LiverUS-76/W2PAIR_0049/aug_02/panel_b_augmented.png,W2PAIR_0049,True
W2PAIR_0049__aug_03,W2PAIR_0049,LiverUS-76,train,augmented,3,/kaggle/working/project_rooting_week4/derived/augmented_pairs/train/LiverUS-76/W2PAIR_0049/aug_03/panel_a_augmented.png,/kaggle/working/project_rooting_week4/derived/augmented_pairs/train/LiverUS-76/W2PAIR_0049/aug_03/panel_b_augmented.png,W2PAIR_0049,True
W2PAIR_0050__aug_01,W2PAIR_0050,LiverUS-76,train,augmented,1,/kaggle/working/project_rooting_week4/derived/augmented_pairs/train/LiverUS-76/W2PAIR_0050/aug_01/panel_a_augmented.png,/kaggle/working/project_rooting_week4/derived/augmented_pairs/train/LiverUS-76/W2PAIR_0050/aug_01/panel_b_augmented.png,W2PAIR_0050,True
W2PAIR_0050__aug_02,W2PAIR_0050,LiverUS-76,train,augmented,2,/kaggle/working/project_rooting_week4/derived/augmented_pairs/train/LiverUS-76/W2PAIR_0050/aug_02/panel_a_augmented.png,/kaggle/working/project_rooting_week4/derived/augmented_pairs/train/LiverUS-76/W2PAIR_0050/aug_02/panel_b_augmented.png,W2PAIR_0050,True
W2PAIR_0050__aug_03,W2PAIR_0050,LiverUS-76,train,augmented,3,/kaggle/working/project_rooting_week4/derived/augmented_pairs/train/LiverUS-76/W2PAIR_0050/aug_03/panel_a_augmented.png,/kaggle/working/project_rooting_week4/derived/augmented_pairs/train/LiverUS-76/W2PAIR_0050/aug_03/panel_b_augmented.png,W2PAIR_0050,True
W2PAIR_0051__aug_01,W2PAIR_0051,LiverUS-76,train,augmented,1,/kaggle/working/project_rooting_week4/derived/augmented_pairs/train/LiverUS-76/W2PAIR_0051/aug_01/panel_a_augmented.png,/kaggle/working/project_rooting_week4/derived/augmented_pairs/train/LiverUS-76/W2PAIR_0051/aug_01/panel_b_augmented.png,W2PAIR_0051,True
W2PAIR_0051__aug_02,W2PAIR_0051,LiverUS-76,train,augmented,2,/kaggle/working/project_rooting_week4/derived/augmented_pairs/train/LiverUS-76/W2PAIR_0051/aug_02/panel_a_augmented.png,/kaggle/working/project_rooting_week4/derived/augmented_pairs/train/LiverUS-76/W2PAIR_0051/aug_02/panel_b_augmented.png,W2PAIR_0051,True
W2PAIR_0051__aug_03,W2PAIR_0051,LiverUS-76,train,augmented,3,/kaggle/working/project_rooting_week4/derived/augmented_pairs/train/LiverUS-76/W2PAIR_0051/aug_03/panel_a_augmented.png,/kaggle/working/project_rooting_week4/derived/augmented_pairs/train/LiverUS-76/W2PAIR_0051/aug_03/panel_b_augmented.png,W2PAIR_0051,True
W2PAIR_0052__aug_01,W2PAIR_0052,LiverUS-76,train,augmented,1,/kaggle/working/project_rooting_week4/derived/augmented_pairs/train/LiverUS-76/W2PAIR_0052/aug_01/panel_a_augmented.png,/kaggle/working/project_rooting_week4/derived/augmented_pairs/train/LiverUS-76/W2PAIR_0052/aug_01/panel_b_augmented.png,W2PAIR_0052,True
W2PAIR_0052__aug_02,W2PAIR_0052,LiverUS-76,train,augmented,2,/kaggle/working/project_rooting_week4/derived/augmented_pairs/train/LiverUS-76/W2PAIR_0052/aug_02/panel_a_augmented.png,/kaggle/working/project_rooting_week4/derived/augmented_pairs/train/LiverUS-76/W2PAIR_0052/aug_02/panel_b_augmented.png,W2PAIR_0052,True
W2PAIR_0052__aug_03,W2PAIR_0052,LiverUS-76,train,augmented,3,/kaggle/working/project_rooting_week4/derived/augmented_pairs/train/LiverUS-76/W2PAIR_0052/aug_03/panel_a_augmented.png,/kaggle/working/project_rooting_week4/derived/augmented_pairs/train/LiverUS-76/W2PAIR_0052/aug_03/panel_b_augmented.png,W2PAIR_0052,True
W2PAIR_0053__aug_01,W2PAIR_0053,LiverUS-76,train,augmented,1,/kaggle/working/project_rooting_week4/derived/augmented_pairs/train/LiverUS-76/W2PAIR_0053/aug_01/panel_a_augmented.png,/kaggle/working/project_rooting_week4/derived/augmented_pairs/train/LiverUS-76/W2PAIR_0053/aug_01/panel_b_augmented.png,W2PAIR_0053,True
W2PAIR_0053__aug_02,W2PAIR_0053,LiverUS-76,train,augmented,2,/kaggle/working/project_rooting_week4/derived/augmented_pairs/train/LiverUS-76/W2PAIR_0053/aug_02/panel_a_augmented.png,/kaggle/working/project_rooting_week4/derived/augmented_pairs/train/LiverUS-76/W2PAIR_0053/aug_02/panel_b_augmented.png,W2PAIR_0053,True
W2PAIR_0053__aug_03,W2PAIR_0053,LiverUS-76,train,augmented,3,/kaggle/working/project_rooting_week4/derived/augmented_pairs/train/LiverUS-76/W2PAIR_0053/aug_03/panel_a_augmented.png,/kaggle/working/project_rooting_week4/derived/augmented_pairs/train/LiverUS-76/W2PAIR_0053/aug_03/panel_b_augmented.png,W2PAIR_0053,True
W2PAIR_0054__aug_01,W2PAIR_0054,LiverUS-76,train,augmented,1,/kaggle/working/project_rooting_week4/derived/augmented_pairs/train/LiverUS-76/W2PAIR_0054/aug_01/panel_a_augmented.png,/kaggle/working/project_rooting_week4/derived/augmented_pairs/train/LiverUS-76/W2PAIR_0054/aug_01/panel_b_augmented.png,W2PAIR_0054,True
W2PAIR_0054__aug_02,W2PAIR_0054,LiverUS-76,train,augmented,2,/kaggle/working/project_rooting_week4/derived/augmented_pairs/train/LiverUS-76/W2PAIR_0054/aug_02/panel_a_augmented.png,/kaggle/working/project_rooting_week4/derived/augmented_pairs/train/LiverUS-76/W2PAIR_0054/aug_02/panel_b_augmented.png,W2PAIR_0054,True
W2PAIR_0054__aug_03,W2PAIR_0054,LiverUS-76,train,augmented,3,/kaggle/working/project_rooting_week4/derived/augmented_pairs/train/LiverUS-76/W2PAIR_0054/aug_03/panel_a_augmented.png,/kaggle/working/project_rooting_week4/derived/augmented_pairs/train/LiverUS-76/W2PAIR_0054/aug_03/panel_b_augmented.png,W2PAIR_0054,True
