abs_path,rel_path,parent_folder,filename,ext,size_bytes,size_mb,mime_guess,is_dicom_candidate,is_video_candidate,is_image_candidate
/kaggle/working/liver_digital_twin/data/raw_tcia_download/1.3.6.1.4.1.14519.5.2.1.1188.2803.115374966380603078734437948109/00000001.dcm,1.3.6.1.4.1.14519.5.2.1.1188.2803.115374966380603078734437948109/00000001.dcm,1.3.6.1.4.1.14519.5.2.1.1188.2803.115374966380603078734437948109,00000001.dcm,.dcm,2075688,1.98,application/dicom,True,False,False
/kaggle/working/liver_digital_twin/data/raw_tcia_download/1.3.6.1.4.1.14519.5.2.1.1188.2803.115374966380603078734437948109/00000002.dcm,1.3.6.1.4.1.14519.5.2.1.1188.2803.115374966380603078734437948109/00000002.dcm,1.3.6.1.4.1.14519.5.2.1.1188.2803.115374966380603078734437948109,00000002.dcm,.dcm,2075686,1.98,application/dicom,True,False,False
/kaggle/working/liver_digital_twin/data/raw_tcia_download/1.3.6.1.4.1.14519.5.2.1.1188.2803.115374966380603078734437948109/00000003.dcm,1.3.6.1.4.1.14519.5.2.1.1188.2803.115374966380603078734437948109/00000003.dcm,1.3.6.1.4.1.14519.5.2.1.1188.2803.115374966380603078734437948109,00000003.dcm,.dcm,2075688,1.98,application/dicom,True,False,False
/kaggle/working/liver_digital_twin/data/raw_tcia_download/1.3.6.1.4.1.14519.5.2.1.1188.2803.115374966380603078734437948109/00000004.dcm,1.3.6.1.4.1.14519.5.2.1.1188.2803.115374966380603078734437948109/00000004.dcm,1.3.6.1.4.1.14519.5.2.1.1188.2803.115374966380603078734437948109,00000004.dcm,.dcm,2075688,1.98,application/dicom,True,False,False
/kaggle/working/liver_digital_twin/data/raw_tcia_download/1.3.6.1.4.1.14519.5.2.1.1188.2803.115374966380603078734437948109/00000005.dcm,1.3.6.1.4.1.14519.5.2.1.1188.2803.115374966380603078734437948109/00000005.dcm,1.3.6.1.4.1.14519.5.2.1.1188.2803.115374966380603078734437948109,00000005.dcm,.dcm,610503970,582.222,application/dicom,True,False,False
/kaggle/working/liver_digital_twin/data/raw_tcia_download/1.3.6.1.4.1.14519.5.2.1.1188.2803.115374966380603078734437948109/00000006.dcm,1.3.6.1.4.1.14519.5.2.1.1188.2803.115374966380603078734437948109/00000006.dcm,1.3.6.1.4.1.14519.5.2.1.1188.2803.115374966380603078734437948109,00000006.dcm,.dcm,956758450,912.436,application/dicom,True,False,False
/kaggle/working/liver_digital_twin/data/raw_tcia_download/1.3.6.1.4.1.14519.5.2.1.1188.2803.115374966380603078734437948109/00000007.dcm,1.3.6.1.4.1.14519.5.2.1.1188.2803.115374966380603078734437948109/00000007.dcm,1.3.6.1.4.1.14519.5.2.1.1188.2803.115374966380603078734437948109,00000007.dcm,.dcm,153912732,146.783,application/dicom,True,False,False
/kaggle/working/liver_digital_twin/data/raw_tcia_download/1.3.6.1.4.1.14519.5.2.1.1188.2803.115374966380603078734437948109/00000008.dcm,1.3.6.1.4.1.14519.5.2.1.1188.2803.115374966380603078734437948109/00000008.dcm,1.3.6.1.4.1.14519.5.2.1.1188.2803.115374966380603078734437948109,00000008.dcm,.dcm,196941446,187.818,application/dicom,True,False,False
/kaggle/working/liver_digital_twin/data/raw_tcia_download/1.3.6.1.4.1.14519.5.2.1.1188.2803.115374966380603078734437948109/00000009.dcm,1.3.6.1.4.1.14519.5.2.1.1188.2803.115374966380603078734437948109/00000009.dcm,1.3.6.1.4.1.14519.5.2.1.1188.2803.115374966380603078734437948109,00000009.dcm,.dcm,94334532,89.964,application/dicom,True,False,False
/kaggle/working/liver_digital_twin/data/raw_tcia_download/1.3.6.1.4.1.14519.5.2.1.1188.2803.115374966380603078734437948109/LICENSE,1.3.6.1.4.1.14519.5.2.1.1188.2803.115374966380603078734437948109/LICENSE,1.3.6.1.4.1.14519.5.2.1.1188.2803.115374966380603078734437948109,LICENSE,,2801,0.003,,True,False,False
/kaggle/working/liver_digital_twin/data/raw_tcia_download/1.3.6.1.4.1.14519.5.2.1.1188.2803.146087891599130893551968747818/00000001.dcm,1.3.6.1.4.1.14519.5.2.1.1188.2803.146087891599130893551968747818/00000001.dcm,1.3.6.1.4.1.14519.5.2.1.1188.2803.146087891599130893551968747818,00000001.dcm,.dcm,2075688,1.98,application/dicom,True,False,False
/kaggle/working/liver_digital_twin/data/raw_tcia_download/1.3.6.1.4.1.14519.5.2.1.1188.2803.146087891599130893551968747818/00000002.dcm,1.3.6.1.4.1.14519.5.2.1.1188.2803.146087891599130893551968747818/00000002.dcm,1.3.6.1.4.1.14519.5.2.1.1188.2803.146087891599130893551968747818,00000002.dcm,.dcm,2075688,1.98,application/dicom,True,False,False
/kaggle/working/liver_digital_twin/data/raw_tcia_download/1.3.6.1.4.1.14519.5.2.1.1188.2803.146087891599130893551968747818/00000003.dcm,1.3.6.1.4.1.14519.5.2.1.1188.2803.146087891599130893551968747818/00000003.dcm,1.3.6.1.4.1.14519.5.2.1.1188.2803.146087891599130893551968747818,00000003.dcm,.dcm,428264758,408.425,application/dicom,True,False,False
/kaggle/working/liver_digital_twin/data/raw_tcia_download/1.3.6.1.4.1.14519.5.2.1.1188.2803.146087891599130893551968747818/00000004.dcm,1.3.6.1.4.1.14519.5.2.1.1188.2803.146087891599130893551968747818/00000004.dcm,1.3.6.1.4.1.14519.5.2.1.1188.2803.146087891599130893551968747818,00000004.dcm,.dcm,2075688,1.98,application/dicom,True,False,False
/kaggle/working/liver_digital_twin/data/raw_tcia_download/1.3.6.1.4.1.14519.5.2.1.1188.2803.146087891599130893551968747818/00000005.dcm,1.3.6.1.4.1.14519.5.2.1.1188.2803.146087891599130893551968747818/00000005.dcm,1.3.6.1.4.1.14519.5.2.1.1188.2803.146087891599130893551968747818,00000005.dcm,.dcm,965870398,921.126,application/dicom,True,False,False
/kaggle/working/liver_digital_twin/data/raw_tcia_download/1.3.6.1.4.1.14519.5.2.1.1188.2803.146087891599130893551968747818/00000006.dcm,1.3.6.1.4.1.14519.5.2.1.1188.2803.146087891599130893551968747818/00000006.dcm,1.3.6.1.4.1.14519.5.2.1.1188.2803.146087891599130893551968747818,00000006.dcm,.dcm,175427084,167.3,application/dicom,True,False,False
/kaggle/working/liver_digital_twin/data/raw_tcia_download/1.3.6.1.4.1.14519.5.2.1.1188.2803.146087891599130893551968747818/00000007.dcm,1.3.6.1.4.1.14519.5.2.1.1188.2803.146087891599130893551968747818/00000007.dcm,1.3.6.1.4.1.14519.5.2.1.1188.2803.146087891599130893551968747818,00000007.dcm,.dcm,375870988,358.459,application/dicom,True,False,False
/kaggle/working/liver_digital_twin/data/raw_tcia_download/1.3.6.1.4.1.14519.5.2.1.1188.2803.146087891599130893551968747818/00000008.dcm,1.3.6.1.4.1.14519.5.2.1.1188.2803.146087891599130893551968747818/00000008.dcm,1.3.6.1.4.1.14519.5.2.1.1188.2803.146087891599130893551968747818,00000008.dcm,.dcm,487492498,464.909,application/dicom,True,False,False
/kaggle/working/liver_digital_twin/data/raw_tcia_download/1.3.6.1.4.1.14519.5.2.1.1188.2803.146087891599130893551968747818/00000009.dcm,1.3.6.1.4.1.14519.5.2.1.1188.2803.146087891599130893551968747818/00000009.dcm,1.3.6.1.4.1.14519.5.2.1.1188.2803.146087891599130893551968747818,00000009.dcm,.dcm,332589178,317.182,application/dicom,True,False,False
/kaggle/working/liver_digital_twin/data/raw_tcia_download/1.3.6.1.4.1.14519.5.2.1.1188.2803.146087891599130893551968747818/00000010.dcm,1.3.6.1.4.1.14519.5.2.1.1188.2803.146087891599130893551968747818/00000010.dcm,1.3.6.1.4.1.14519.5.2.1.1188.2803.146087891599130893551968747818,00000010.dcm,.dcm,158877580,151.517,application/dicom,True,False,False
/kaggle/working/liver_digital_twin/data/raw_tcia_download/1.3.6.1.4.1.14519.5.2.1.1188.2803.146087891599130893551968747818/00000011.dcm,1.3.6.1.4.1.14519.5.2.1.1188.2803.146087891599130893551968747818/00000011.dcm,1.3.6.1.4.1.14519.5.2.1.1188.2803.146087891599130893551968747818,00000011.dcm,.dcm,2075686,1.98,application/dicom,True,False,False
/kaggle/working/liver_digital_twin/data/raw_tcia_download/1.3.6.1.4.1.14519.5.2.1.1188.2803.146087891599130893551968747818/00000012.dcm,1.3.6.1.4.1.14519.5.2.1.1188.2803.146087891599130893551968747818/00000012.dcm,1.3.6.1.4.1.14519.5.2.1.1188.2803.146087891599130893551968747818,00000012.dcm,.dcm,439654708,419.287,application/dicom,True,False,False
/kaggle/working/liver_digital_twin/data/raw_tcia_download/1.3.6.1.4.1.14519.5.2.1.1188.2803.146087891599130893551968747818/LICENSE,1.3.6.1.4.1.14519.5.2.1.1188.2803.146087891599130893551968747818/LICENSE,1.3.6.1.4.1.14519.5.2.1.1188.2803.146087891599130893551968747818,LICENSE,,2801,0.003,,True,False,False
/kaggle/working/liver_digital_twin/data/raw_tcia_download/1.3.6.1.4.1.14519.5.2.1.1188.2803.240884965319239940503812066809/00000001.dcm,1.3.6.1.4.1.14519.5.2.1.1188.2803.240884965319239940503812066809/00000001.dcm,1.3.6.1.4.1.14519.5.2.1.1188.2803.240884965319239940503812066809,00000001.dcm,.dcm,2766888,2.639,application/dicom,True,False,False
/kaggle/working/liver_digital_twin/data/raw_tcia_download/1.3.6.1.4.1.14519.5.2.1.1188.2803.240884965319239940503812066809/00000002.dcm,1.3.6.1.4.1.14519.5.2.1.1188.2803.240884965319239940503812066809/00000002.dcm,1.3.6.1.4.1.14519.5.2.1.1188.2803.240884965319239940503812066809,00000002.dcm,.dcm,2766888,2.639,application/dicom,True,False,False
/kaggle/working/liver_digital_twin/data/raw_tcia_download/1.3.6.1.4.1.14519.5.2.1.1188.2803.240884965319239940503812066809/00000003.dcm,1.3.6.1.4.1.14519.5.2.1.1188.2803.240884965319239940503812066809/00000003.dcm,1.3.6.1.4.1.14519.5.2.1.1188.2803.240884965319239940503812066809,00000003.dcm,.dcm,2766888,2.639,application/dicom,True,False,False
/kaggle/working/liver_digital_twin/data/raw_tcia_download/1.3.6.1.4.1.14519.5.2.1.1188.2803.240884965319239940503812066809/00000004.dcm,1.3.6.1.4.1.14519.5.2.1.1188.2803.240884965319239940503812066809/00000004.dcm,1.3.6.1.4.1.14519.5.2.1.1188.2803.240884965319239940503812066809,00000004.dcm,.dcm,2766888,2.639,application/dicom,True,False,False
/kaggle/working/liver_digital_twin/data/raw_tcia_download/1.3.6.1.4.1.14519.5.2.1.1188.2803.240884965319239940503812066809/00000005.dcm,1.3.6.1.4.1.14519.5.2.1.1188.2803.240884965319239940503812066809/00000005.dcm,1.3.6.1.4.1.14519.5.2.1.1188.2803.240884965319239940503812066809,00000005.dcm,.dcm,291585360,278.077,application/dicom,True,False,False
/kaggle/working/liver_digital_twin/data/raw_tcia_download/1.3.6.1.4.1.14519.5.2.1.1188.2803.240884965319239940503812066809/00000006.dcm,1.3.6.1.4.1.14519.5.2.1.1188.2803.240884965319239940503812066809/00000006.dcm,1.3.6.1.4.1.14519.5.2.1.1188.2803.240884965319239940503812066809,00000006.dcm,.dcm,2766888,2.639,application/dicom,True,False,False
/kaggle/working/liver_digital_twin/data/raw_tcia_download/1.3.6.1.4.1.14519.5.2.1.1188.2803.240884965319239940503812066809/00000007.dcm,1.3.6.1.4.1.14519.5.2.1.1188.2803.240884965319239940503812066809/00000007.dcm,1.3.6.1.4.1.14519.5.2.1.1188.2803.240884965319239940503812066809,00000007.dcm,.dcm,2075686,1.98,application/dicom,True,False,False
/kaggle/working/liver_digital_twin/data/raw_tcia_download/1.3.6.1.4.1.14519.5.2.1.1188.2803.240884965319239940503812066809/00000008.dcm,1.3.6.1.4.1.14519.5.2.1.1188.2803.240884965319239940503812066809/00000008.dcm,1.3.6.1.4.1.14519.5.2.1.1188.2803.240884965319239940503812066809,00000008.dcm,.dcm,2075688,1.98,application/dicom,True,False,False
/kaggle/working/liver_digital_twin/data/raw_tcia_download/1.3.6.1.4.1.14519.5.2.1.1188.2803.240884965319239940503812066809/00000009.dcm,1.3.6.1.4.1.14519.5.2.1.1188.2803.240884965319239940503812066809/00000009.dcm,1.3.6.1.4.1.14519.5.2.1.1188.2803.240884965319239940503812066809,00000009.dcm,.dcm,2766888,2.639,application/dicom,True,False,False
/kaggle/working/liver_digital_twin/data/raw_tcia_download/1.3.6.1.4.1.14519.5.2.1.1188.2803.240884965319239940503812066809/00000010.dcm,1.3.6.1.4.1.14519.5.2.1.1188.2803.240884965319239940503812066809/00000010.dcm,1.3.6.1.4.1.14519.5.2.1.1188.2803.240884965319239940503812066809,00000010.dcm,.dcm,2766888,2.639,application/dicom,True,False,False
/kaggle/working/liver_digital_twin/data/raw_tcia_download/1.3.6.1.4.1.14519.5.2.1.1188.2803.240884965319239940503812066809/00000011.dcm,1.3.6.1.4.1.14519.5.2.1.1188.2803.240884965319239940503812066809/00000011.dcm,1.3.6.1.4.1.14519.5.2.1.1188.2803.240884965319239940503812066809,00000011.dcm,.dcm,2766888,2.639,application/dicom,True,False,False
/kaggle/working/liver_digital_twin/data/raw_tcia_download/1.3.6.1.4.1.14519.5.2.1.1188.2803.240884965319239940503812066809/00000012.dcm,1.3.6.1.4.1.14519.5.2.1.1188.2803.240884965319239940503812066809/00000012.dcm,1.3.6.1.4.1.14519.5.2.1.1188.2803.240884965319239940503812066809,00000012.dcm,.dcm,230079630,219.421,application/dicom,True,False,False
/kaggle/working/liver_digital_twin/data/raw_tcia_download/1.3.6.1.4.1.14519.5.2.1.1188.2803.240884965319239940503812066809/00000013.dcm,1.3.6.1.4.1.14519.5.2.1.1188.2803.240884965319239940503812066809/00000013.dcm,1.3.6.1.4.1.14519.5.2.1.1188.2803.240884965319239940503812066809,00000013.dcm,.dcm,2075688,1.98,application/dicom,True,False,False
/kaggle/working/liver_digital_twin/data/raw_tcia_download/1.3.6.1.4.1.14519.5.2.1.1188.2803.240884965319239940503812066809/00000014.dcm,1.3.6.1.4.1.14519.5.2.1.1188.2803.240884965319239940503812066809/00000014.dcm,1.3.6.1.4.1.14519.5.2.1.1188.2803.240884965319239940503812066809,00000014.dcm,.dcm,2075688,1.98,application/dicom,True,False,False
/kaggle/working/liver_digital_twin/data/raw_tcia_download/1.3.6.1.4.1.14519.5.2.1.1188.2803.240884965319239940503812066809/00000015.dcm,1.3.6.1.4.1.14519.5.2.1.1188.2803.240884965319239940503812066809/00000015.dcm,1.3.6.1.4.1.14519.5.2.1.1188.2803.240884965319239940503812066809,00000015.dcm,.dcm,466990588,445.357,application/dicom,True,False,False
/kaggle/working/liver_digital_twin/data/raw_tcia_download/1.3.6.1.4.1.14519.5.2.1.1188.2803.240884965319239940503812066809/00000016.dcm,1.3.6.1.4.1.14519.5.2.1.1188.2803.240884965319239940503812066809/00000016.dcm,1.3.6.1.4.1.14519.5.2.1.1188.2803.240884965319239940503812066809,00000016.dcm,.dcm,2766888,2.639,application/dicom,True,False,False
/kaggle/working/liver_digital_twin/data/raw_tcia_download/1.3.6.1.4.1.14519.5.2.1.1188.2803.240884965319239940503812066809/00000017.dcm,1.3.6.1.4.1.14519.5.2.1.1188.2803.240884965319239940503812066809/00000017.dcm,1.3.6.1.4.1.14519.5.2.1.1188.2803.240884965319239940503812066809,00000017.dcm,.dcm,2766888,2.639,application/dicom,True,False,False
/kaggle/working/liver_digital_twin/data/raw_tcia_download/1.3.6.1.4.1.14519.5.2.1.1188.2803.240884965319239940503812066809/00000018.dcm,1.3.6.1.4.1.14519.5.2.1.1188.2803.240884965319239940503812066809/00000018.dcm,1.3.6.1.4.1.14519.5.2.1.1188.2803.240884965319239940503812066809,00000018.dcm,.dcm,309809278,295.457,application/dicom,True,False,False
/kaggle/working/liver_digital_twin/data/raw_tcia_download/1.3.6.1.4.1.14519.5.2.1.1188.2803.240884965319239940503812066809/00000019.dcm,1.3.6.1.4.1.14519.5.2.1.1188.2803.240884965319239940503812066809/00000019.dcm,1.3.6.1.4.1.14519.5.2.1.1188.2803.240884965319239940503812066809,00000019.dcm,.dcm,157222632,149.939,application/dicom,True,False,False
/kaggle/working/liver_digital_twin/data/raw_tcia_download/1.3.6.1.4.1.14519.5.2.1.1188.2803.240884965319239940503812066809/00000020.dcm,1.3.6.1.4.1.14519.5.2.1.1188.2803.240884965319239940503812066809/00000020.dcm,1.3.6.1.4.1.14519.5.2.1.1188.2803.240884965319239940503812066809,00000020.dcm,.dcm,2766888,2.639,application/dicom,True,False,False
/kaggle/working/liver_digital_twin/data/raw_tcia_download/1.3.6.1.4.1.14519.5.2.1.1188.2803.240884965319239940503812066809/00000021.dcm,1.3.6.1.4.1.14519.5.2.1.1188.2803.240884965319239940503812066809/00000021.dcm,1.3.6.1.4.1.14519.5.2.1.1188.2803.240884965319239940503812066809,00000021.dcm,.dcm,2075688,1.98,application/dicom,True,False,False
/kaggle/working/liver_digital_twin/data/raw_tcia_download/1.3.6.1.4.1.14519.5.2.1.1188.2803.240884965319239940503812066809/00000022.dcm,1.3.6.1.4.1.14519.5.2.1.1188.2803.240884965319239940503812066809/00000022.dcm,1.3.6.1.4.1.14519.5.2.1.1188.2803.240884965319239940503812066809,00000022.dcm,.dcm,2075688,1.98,application/dicom,True,False,False
/kaggle/working/liver_digital_twin/data/raw_tcia_download/1.3.6.1.4.1.14519.5.2.1.1188.2803.240884965319239940503812066809/00000023.dcm,1.3.6.1.4.1.14519.5.2.1.1188.2803.240884965319239940503812066809/00000023.dcm,1.3.6.1.4.1.14519.5.2.1.1188.2803.240884965319239940503812066809,00000023.dcm,.dcm,2766888,2.639,application/dicom,True,False,False
/kaggle/working/liver_digital_twin/data/raw_tcia_download/1.3.6.1.4.1.14519.5.2.1.1188.2803.240884965319239940503812066809/00000024.dcm,1.3.6.1.4.1.14519.5.2.1.1188.2803.240884965319239940503812066809/00000024.dcm,1.3.6.1.4.1.14519.5.2.1.1188.2803.240884965319239940503812066809,00000024.dcm,.dcm,145637982,138.891,application/dicom,True,False,False
/kaggle/working/liver_digital_twin/data/raw_tcia_download/1.3.6.1.4.1.14519.5.2.1.1188.2803.240884965319239940503812066809/00000025.dcm,1.3.6.1.4.1.14519.5.2.1.1188.2803.240884965319239940503812066809/00000025.dcm,1.3.6.1.4.1.14519.5.2.1.1188.2803.240884965319239940503812066809,00000025.dcm,.dcm,2766888,2.639,application/dicom,True,False,False
/kaggle/working/liver_digital_twin/data/raw_tcia_download/1.3.6.1.4.1.14519.5.2.1.1188.2803.240884965319239940503812066809/00000026.dcm,1.3.6.1.4.1.14519.5.2.1.1188.2803.240884965319239940503812066809/00000026.dcm,1.3.6.1.4.1.14519.5.2.1.1188.2803.240884965319239940503812066809,00000026.dcm,.dcm,2075688,1.98,application/dicom,True,False,False
/kaggle/working/liver_digital_twin/data/raw_tcia_download/1.3.6.1.4.1.14519.5.2.1.1188.2803.240884965319239940503812066809/LICENSE,1.3.6.1.4.1.14519.5.2.1.1188.2803.240884965319239940503812066809/LICENSE,1.3.6.1.4.1.14519.5.2.1.1188.2803.240884965319239940503812066809,LICENSE,,2801,0.003,,True,False,False
/kaggle/working/liver_digital_twin/data/raw_tcia_download/1.3.6.1.4.1.14519.5.2.1.1188.2803.249116980803463531667895937248/00000001.dcm,1.3.6.1.4.1.14519.5.2.1.1188.2803.249116980803463531667895937248/00000001.dcm,1.3.6.1.4.1.14519.5.2.1.1188.2803.249116980803463531667895937248,00000001.dcm,.dcm,2766888,2.639,application/dicom,True,False,False
/kaggle/working/liver_digital_twin/data/raw_tcia_download/1.3.6.1.4.1.14519.5.2.1.1188.2803.249116980803463531667895937248/00000002.dcm,1.3.6.1.4.1.14519.5.2.1.1188.2803.249116980803463531667895937248/00000002.dcm,1.3.6.1.4.1.14519.5.2.1.1188.2803.249116980803463531667895937248,00000002.dcm,.dcm,2766888,2.639,application/dicom,True,False,False
/kaggle/working/liver_digital_twin/data/raw_tcia_download/1.3.6.1.4.1.14519.5.2.1.1188.2803.249116980803463531667895937248/00000003.dcm,1.3.6.1.4.1.14519.5.2.1.1188.2803.249116980803463531667895937248/00000003.dcm,1.3.6.1.4.1.14519.5.2.1.1188.2803.249116980803463531667895937248,00000003.dcm,.dcm,2766888,2.639,application/dicom,True,False,False
/kaggle/working/liver_digital_twin/data/raw_tcia_download/1.3.6.1.4.1.14519.5.2.1.1188.2803.249116980803463531667895937248/00000004.dcm,1.3.6.1.4.1.14519.5.2.1.1188.2803.249116980803463531667895937248/00000004.dcm,1.3.6.1.4.1.14519.5.2.1.1188.2803.249116980803463531667895937248,00000004.dcm,.dcm,2766888,2.639,application/dicom,True,False,False
/kaggle/working/liver_digital_twin/data/raw_tcia_download/1.3.6.1.4.1.14519.5.2.1.1188.2803.249116980803463531667895937248/00000005.dcm,1.3.6.1.4.1.14519.5.2.1.1188.2803.249116980803463531667895937248/00000005.dcm,1.3.6.1.4.1.14519.5.2.1.1188.2803.249116980803463531667895937248,00000005.dcm,.dcm,2766888,2.639,application/dicom,True,False,False
/kaggle/working/liver_digital_twin/data/raw_tcia_download/1.3.6.1.4.1.14519.5.2.1.1188.2803.249116980803463531667895937248/00000006.dcm,1.3.6.1.4.1.14519.5.2.1.1188.2803.249116980803463531667895937248/00000006.dcm,1.3.6.1.4.1.14519.5.2.1.1188.2803.249116980803463531667895937248,00000006.dcm,.dcm,129088480,123.108,application/dicom,True,False,False
/kaggle/working/liver_digital_twin/data/raw_tcia_download/1.3.6.1.4.1.14519.5.2.1.1188.2803.249116980803463531667895937248/00000007.dcm,1.3.6.1.4.1.14519.5.2.1.1188.2803.249116980803463531667895937248/00000007.dcm,1.3.6.1.4.1.14519.5.2.1.1188.2803.249116980803463531667895937248,00000007.dcm,.dcm,466990590,445.357,application/dicom,True,False,False
/kaggle/working/liver_digital_twin/data/raw_tcia_download/1.3.6.1.4.1.14519.5.2.1.1188.2803.249116980803463531667895937248/00000008.dcm,1.3.6.1.4.1.14519.5.2.1.1188.2803.249116980803463531667895937248/00000008.dcm,1.3.6.1.4.1.14519.5.2.1.1188.2803.249116980803463531667895937248,00000008.dcm,.dcm,2766888,2.639,application/dicom,True,False,False
/kaggle/working/liver_digital_twin/data/raw_tcia_download/1.3.6.1.4.1.14519.5.2.1.1188.2803.249116980803463531667895937248/00000009.dcm,1.3.6.1.4.1.14519.5.2.1.1188.2803.249116980803463531667895937248/00000009.dcm,1.3.6.1.4.1.14519.5.2.1.1188.2803.249116980803463531667895937248,00000009.dcm,.dcm,150349974,143.385,application/dicom,True,False,False
/kaggle/working/liver_digital_twin/data/raw_tcia_download/1.3.6.1.4.1.14519.5.2.1.1188.2803.249116980803463531667895937248/00000010.dcm,1.3.6.1.4.1.14519.5.2.1.1188.2803.249116980803463531667895937248/00000010.dcm,1.3.6.1.4.1.14519.5.2.1.1188.2803.249116980803463531667895937248,00000010.dcm,.dcm,173129876,165.11,application/dicom,True,False,False
/kaggle/working/liver_digital_twin/data/raw_tcia_download/1.3.6.1.4.1.14519.5.2.1.1188.2803.249116980803463531667895937248/00000011.dcm,1.3.6.1.4.1.14519.5.2.1.1188.2803.249116980803463531667895937248/00000011.dcm,1.3.6.1.4.1.14519.5.2.1.1188.2803.249116980803463531667895937248,00000011.dcm,.dcm,2075688,1.98,application/dicom,True,False,False
/kaggle/working/liver_digital_twin/data/raw_tcia_download/1.3.6.1.4.1.14519.5.2.1.1188.2803.249116980803463531667895937248/00000012.dcm,1.3.6.1.4.1.14519.5.2.1.1188.2803.249116980803463531667895937248/00000012.dcm,1.3.6.1.4.1.14519.5.2.1.1188.2803.249116980803463531667895937248,00000012.dcm,.dcm,2766888,2.639,application/dicom,True,False,False
/kaggle/working/liver_digital_twin/data/raw_tcia_download/1.3.6.1.4.1.14519.5.2.1.1188.2803.249116980803463531667895937248/00000013.dcm,1.3.6.1.4.1.14519.5.2.1.1188.2803.249116980803463531667895937248/00000013.dcm,1.3.6.1.4.1.14519.5.2.1.1188.2803.249116980803463531667895937248,00000013.dcm,.dcm,123014082,117.315,application/dicom,True,False,False
/kaggle/working/liver_digital_twin/data/raw_tcia_download/1.3.6.1.4.1.14519.5.2.1.1188.2803.249116980803463531667895937248/00000014.dcm,1.3.6.1.4.1.14519.5.2.1.1188.2803.249116980803463531667895937248/00000014.dcm,1.3.6.1.4.1.14519.5.2.1.1188.2803.249116980803463531667895937248,00000014.dcm,.dcm,2766888,2.639,application/dicom,True,False,False
/kaggle/working/liver_digital_twin/data/raw_tcia_download/1.3.6.1.4.1.14519.5.2.1.1188.2803.249116980803463531667895937248/00000015.dcm,1.3.6.1.4.1.14519.5.2.1.1188.2803.249116980803463531667895937248/00000015.dcm,1.3.6.1.4.1.14519.5.2.1.1188.2803.249116980803463531667895937248,00000015.dcm,.dcm,2766888,2.639,application/dicom,True,False,False
/kaggle/working/liver_digital_twin/data/raw_tcia_download/1.3.6.1.4.1.14519.5.2.1.1188.2803.249116980803463531667895937248/00000016.dcm,1.3.6.1.4.1.14519.5.2.1.1188.2803.249116980803463531667895937248/00000016.dcm,1.3.6.1.4.1.14519.5.2.1.1188.2803.249116980803463531667895937248,00000016.dcm,.dcm,2766888,2.639,application/dicom,True,False,False
/kaggle/working/liver_digital_twin/data/raw_tcia_download/1.3.6.1.4.1.14519.5.2.1.1188.2803.249116980803463531667895937248/00000017.dcm,1.3.6.1.4.1.14519.5.2.1.1188.2803.249116980803463531667895937248/00000017.dcm,1.3.6.1.4.1.14519.5.2.1.1188.2803.249116980803463531667895937248,00000017.dcm,.dcm,2766888,2.639,application/dicom,True,False,False
/kaggle/working/liver_digital_twin/data/raw_tcia_download/1.3.6.1.4.1.14519.5.2.1.1188.2803.249116980803463531667895937248/00000018.dcm,1.3.6.1.4.1.14519.5.2.1.1188.2803.249116980803463531667895937248/00000018.dcm,1.3.6.1.4.1.14519.5.2.1.1188.2803.249116980803463531667895937248,00000018.dcm,.dcm,236913600,225.938,application/dicom,True,False,False
/kaggle/working/liver_digital_twin/data/raw_tcia_download/1.3.6.1.4.1.14519.5.2.1.1188.2803.249116980803463531667895937248/00000019.dcm,1.3.6.1.4.1.14519.5.2.1.1188.2803.249116980803463531667895937248/00000019.dcm,1.3.6.1.4.1.14519.5.2.1.1188.2803.249116980803463531667895937248,00000019.dcm,.dcm,2766888,2.639,application/dicom,True,False,False
/kaggle/working/liver_digital_twin/data/raw_tcia_download/1.3.6.1.4.1.14519.5.2.1.1188.2803.249116980803463531667895937248/00000020.dcm,1.3.6.1.4.1.14519.5.2.1.1188.2803.249116980803463531667895937248/00000020.dcm,1.3.6.1.4.1.14519.5.2.1.1188.2803.249116980803463531667895937248,00000020.dcm,.dcm,143515992,136.868,application/dicom,True,False,False
/kaggle/working/liver_digital_twin/data/raw_tcia_download/1.3.6.1.4.1.14519.5.2.1.1188.2803.249116980803463531667895937248/00000021.dcm,1.3.6.1.4.1.14519.5.2.1.1188.2803.249116980803463531667895937248/00000021.dcm,1.3.6.1.4.1.14519.5.2.1.1188.2803.249116980803463531667895937248,00000021.dcm,.dcm,216411686,206.386,application/dicom,True,False,False
/kaggle/working/liver_digital_twin/data/raw_tcia_download/1.3.6.1.4.1.14519.5.2.1.1188.2803.249116980803463531667895937248/00000022.dcm,1.3.6.1.4.1.14519.5.2.1.1188.2803.249116980803463531667895937248/00000022.dcm,1.3.6.1.4.1.14519.5.2.1.1188.2803.249116980803463531667895937248,00000022.dcm,.dcm,179963846,171.627,application/dicom,True,False,False
/kaggle/working/liver_digital_twin/data/raw_tcia_download/1.3.6.1.4.1.14519.5.2.1.1188.2803.249116980803463531667895937248/00000023.dcm,1.3.6.1.4.1.14519.5.2.1.1188.2803.249116980803463531667895937248/00000023.dcm,1.3.6.1.4.1.14519.5.2.1.1188.2803.249116980803463531667895937248,00000023.dcm,.dcm,2075688,1.98,application/dicom,True,False,False
/kaggle/working/liver_digital_twin/data/raw_tcia_download/1.3.6.1.4.1.14519.5.2.1.1188.2803.249116980803463531667895937248/00000024.dcm,1.3.6.1.4.1.14519.5.2.1.1188.2803.249116980803463531667895937248/00000024.dcm,1.3.6.1.4.1.14519.5.2.1.1188.2803.249116980803463531667895937248,00000024.dcm,.dcm,209577716,199.869,application/dicom,True,False,False
/kaggle/working/liver_digital_twin/data/raw_tcia_download/1.3.6.1.4.1.14519.5.2.1.1188.2803.249116980803463531667895937248/00000025.dcm,1.3.6.1.4.1.14519.5.2.1.1188.2803.249116980803463531667895937248/00000025.dcm,1.3.6.1.4.1.14519.5.2.1.1188.2803.249116980803463531667895937248,00000025.dcm,.dcm,2075686,1.98,application/dicom,True,False,False
/kaggle/working/liver_digital_twin/data/raw_tcia_download/1.3.6.1.4.1.14519.5.2.1.1188.2803.249116980803463531667895937248/00000026.dcm,1.3.6.1.4.1.14519.5.2.1.1188.2803.249116980803463531667895937248/00000026.dcm,1.3.6.1.4.1.14519.5.2.1.1188.2803.249116980803463531667895937248,00000026.dcm,.dcm,2766888,2.639,application/dicom,True,False,False
/kaggle/working/liver_digital_twin/data/raw_tcia_download/1.3.6.1.4.1.14519.5.2.1.1188.2803.249116980803463531667895937248/00000027.dcm,1.3.6.1.4.1.14519.5.2.1.1188.2803.249116980803463531667895937248/00000027.dcm,1.3.6.1.4.1.14519.5.2.1.1188.2803.249116980803463531667895937248,00000027.dcm,.dcm,172117184,164.144,application/dicom,True,False,False
/kaggle/working/liver_digital_twin/data/raw_tcia_download/1.3.6.1.4.1.14519.5.2.1.1188.2803.249116980803463531667895937248/00000028.dcm,1.3.6.1.4.1.14519.5.2.1.1188.2803.249116980803463531667895937248/00000028.dcm,1.3.6.1.4.1.14519.5.2.1.1188.2803.249116980803463531667895937248,00000028.dcm,.dcm,2766888,2.639,application/dicom,True,False,False
/kaggle/working/liver_digital_twin/data/raw_tcia_download/1.3.6.1.4.1.14519.5.2.1.1188.2803.249116980803463531667895937248/00000029.dcm,1.3.6.1.4.1.14519.5.2.1.1188.2803.249116980803463531667895937248/00000029.dcm,1.3.6.1.4.1.14519.5.2.1.1188.2803.249116980803463531667895937248,00000029.dcm,.dcm,731237430,697.362,application/dicom,True,False,False
/kaggle/working/liver_digital_twin/data/raw_tcia_download/1.3.6.1.4.1.14519.5.2.1.1188.2803.249116980803463531667895937248/00000030.dcm,1.3.6.1.4.1.14519.5.2.1.1188.2803.249116980803463531667895937248/00000030.dcm,1.3.6.1.4.1.14519.5.2.1.1188.2803.249116980803463531667895937248,00000030.dcm,.dcm,2766888,2.639,application/dicom,True,False,False
/kaggle/working/liver_digital_twin/data/raw_tcia_download/1.3.6.1.4.1.14519.5.2.1.1188.2803.249116980803463531667895937248/00000031.dcm,1.3.6.1.4.1.14519.5.2.1.1188.2803.249116980803463531667895937248/00000031.dcm,1.3.6.1.4.1.14519.5.2.1.1188.2803.249116980803463531667895937248,00000031.dcm,.dcm,127570076,121.66,application/dicom,True,False,False
/kaggle/working/liver_digital_twin/data/raw_tcia_download/1.3.6.1.4.1.14519.5.2.1.1188.2803.249116980803463531667895937248/00000032.dcm,1.3.6.1.4.1.14519.5.2.1.1188.2803.249116980803463531667895937248/00000032.dcm,1.3.6.1.4.1.14519.5.2.1.1188.2803.249116980803463531667895937248,00000032.dcm,.dcm,2075688,1.98,application/dicom,True,False,False
/kaggle/working/liver_digital_twin/data/raw_tcia_download/1.3.6.1.4.1.14519.5.2.1.1188.2803.249116980803463531667895937248/00000033.dcm,1.3.6.1.4.1.14519.5.2.1.1188.2803.249116980803463531667895937248/00000033.dcm,1.3.6.1.4.1.14519.5.2.1.1188.2803.249116980803463531667895937248,00000033.dcm,.dcm,2766888,2.639,application/dicom,True,False,False
/kaggle/working/liver_digital_twin/data/raw_tcia_download/1.3.6.1.4.1.14519.5.2.1.1188.2803.249116980803463531667895937248/00000034.dcm,1.3.6.1.4.1.14519.5.2.1.1188.2803.249116980803463531667895937248/00000034.dcm,1.3.6.1.4.1.14519.5.2.1.1188.2803.249116980803463531667895937248,00000034.dcm,.dcm,2766888,2.639,application/dicom,True,False,False
/kaggle/working/liver_digital_twin/data/raw_tcia_download/1.3.6.1.4.1.14519.5.2.1.1188.2803.249116980803463531667895937248/00000035.dcm,1.3.6.1.4.1.14519.5.2.1.1188.2803.249116980803463531667895937248/00000035.dcm,1.3.6.1.4.1.14519.5.2.1.1188.2803.249116980803463531667895937248,00000035.dcm,.dcm,2766888,2.639,application/dicom,True,False,False
/kaggle/working/liver_digital_twin/data/raw_tcia_download/1.3.6.1.4.1.14519.5.2.1.1188.2803.249116980803463531667895937248/00000036.dcm,1.3.6.1.4.1.14519.5.2.1.1188.2803.249116980803463531667895937248/00000036.dcm,1.3.6.1.4.1.14519.5.2.1.1188.2803.249116980803463531667895937248,00000036.dcm,.dcm,2766888,2.639,application/dicom,True,False,False
/kaggle/working/liver_digital_twin/data/raw_tcia_download/1.3.6.1.4.1.14519.5.2.1.1188.2803.249116980803463531667895937248/00000037.dcm,1.3.6.1.4.1.14519.5.2.1.1188.2803.249116980803463531667895937248/00000037.dcm,1.3.6.1.4.1.14519.5.2.1.1188.2803.249116980803463531667895937248,00000037.dcm,.dcm,2075688,1.98,application/dicom,True,False,False
/kaggle/working/liver_digital_twin/data/raw_tcia_download/1.3.6.1.4.1.14519.5.2.1.1188.2803.249116980803463531667895937248/00000038.dcm,1.3.6.1.4.1.14519.5.2.1.1188.2803.249116980803463531667895937248/00000038.dcm,1.3.6.1.4.1.14519.5.2.1.1188.2803.249116980803463531667895937248,00000038.dcm,.dcm,2766888,2.639,application/dicom,True,False,False
/kaggle/working/liver_digital_twin/data/raw_tcia_download/1.3.6.1.4.1.14519.5.2.1.1188.2803.249116980803463531667895937248/00000039.dcm,1.3.6.1.4.1.14519.5.2.1.1188.2803.249116980803463531667895937248/00000039.dcm,1.3.6.1.4.1.14519.5.2.1.1188.2803.249116980803463531667895937248,00000039.dcm,.dcm,2766888,2.639,application/dicom,True,False,False
/kaggle/working/liver_digital_twin/data/raw_tcia_download/1.3.6.1.4.1.14519.5.2.1.1188.2803.249116980803463531667895937248/00000040.dcm,1.3.6.1.4.1.14519.5.2.1.1188.2803.249116980803463531667895937248/00000040.dcm,1.3.6.1.4.1.14519.5.2.1.1188.2803.249116980803463531667895937248,00000040.dcm,.dcm,2766888,2.639,application/dicom,True,False,False
/kaggle/working/liver_digital_twin/data/raw_tcia_download/1.3.6.1.4.1.14519.5.2.1.1188.2803.249116980803463531667895937248/00000041.dcm,1.3.6.1.4.1.14519.5.2.1.1188.2803.249116980803463531667895937248/00000041.dcm,1.3.6.1.4.1.14519.5.2.1.1188.2803.249116980803463531667895937248,00000041.dcm,.dcm,2075688,1.98,application/dicom,True,False,False
/kaggle/working/liver_digital_twin/data/raw_tcia_download/1.3.6.1.4.1.14519.5.2.1.1188.2803.249116980803463531667895937248/00000042.dcm,1.3.6.1.4.1.14519.5.2.1.1188.2803.249116980803463531667895937248/00000042.dcm,1.3.6.1.4.1.14519.5.2.1.1188.2803.249116980803463531667895937248,00000042.dcm,.dcm,2766888,2.639,application/dicom,True,False,False
/kaggle/working/liver_digital_twin/data/raw_tcia_download/1.3.6.1.4.1.14519.5.2.1.1188.2803.249116980803463531667895937248/00000043.dcm,1.3.6.1.4.1.14519.5.2.1.1188.2803.249116980803463531667895937248/00000043.dcm,1.3.6.1.4.1.14519.5.2.1.1188.2803.249116980803463531667895937248,00000043.dcm,.dcm,2766888,2.639,application/dicom,True,False,False
/kaggle/working/liver_digital_twin/data/raw_tcia_download/1.3.6.1.4.1.14519.5.2.1.1188.2803.249116980803463531667895937248/LICENSE,1.3.6.1.4.1.14519.5.2.1.1188.2803.249116980803463531667895937248/LICENSE,1.3.6.1.4.1.14519.5.2.1.1188.2803.249116980803463531667895937248,LICENSE,,2801,0.003,,True,False,False
/kaggle/working/liver_digital_twin/data/raw_tcia_download/1.3.6.1.4.1.14519.5.2.1.1188.2803.738581576903765604292010199710/00000001.dcm,1.3.6.1.4.1.14519.5.2.1.1188.2803.738581576903765604292010199710/00000001.dcm,1.3.6.1.4.1.14519.5.2.1.1188.2803.738581576903765604292010199710,00000001.dcm,.dcm,2766888,2.639,application/dicom,True,False,False
/kaggle/working/liver_digital_twin/data/raw_tcia_download/1.3.6.1.4.1.14519.5.2.1.1188.2803.738581576903765604292010199710/00000002.dcm,1.3.6.1.4.1.14519.5.2.1.1188.2803.738581576903765604292010199710/00000002.dcm,1.3.6.1.4.1.14519.5.2.1.1188.2803.738581576903765604292010199710,00000002.dcm,.dcm,2766888,2.639,application/dicom,True,False,False
/kaggle/working/liver_digital_twin/data/raw_tcia_download/1.3.6.1.4.1.14519.5.2.1.1188.2803.738581576903765604292010199710/00000003.dcm,1.3.6.1.4.1.14519.5.2.1.1188.2803.738581576903765604292010199710/00000003.dcm,1.3.6.1.4.1.14519.5.2.1.1188.2803.738581576903765604292010199710,00000003.dcm,.dcm,2766888,2.639,application/dicom,True,False,False
/kaggle/working/liver_digital_twin/data/raw_tcia_download/1.3.6.1.4.1.14519.5.2.1.1188.2803.738581576903765604292010199710/00000004.dcm,1.3.6.1.4.1.14519.5.2.1.1188.2803.738581576903765604292010199710/00000004.dcm,1.3.6.1.4.1.14519.5.2.1.1188.2803.738581576903765604292010199710,00000004.dcm,.dcm,2075688,1.98,application/dicom,True,False,False
/kaggle/working/liver_digital_twin/data/raw_tcia_download/1.3.6.1.4.1.14519.5.2.1.1188.2803.738581576903765604292010199710/00000005.dcm,1.3.6.1.4.1.14519.5.2.1.1188.2803.738581576903765604292010199710/00000005.dcm,1.3.6.1.4.1.14519.5.2.1.1188.2803.738581576903765604292010199710,00000005.dcm,.dcm,2075688,1.98,application/dicom,True,False,False
/kaggle/working/liver_digital_twin/data/raw_tcia_download/1.3.6.1.4.1.14519.5.2.1.1188.2803.738581576903765604292010199710/00000006.dcm,1.3.6.1.4.1.14519.5.2.1.1188.2803.738581576903765604292010199710/00000006.dcm,1.3.6.1.4.1.14519.5.2.1.1188.2803.738581576903765604292010199710,00000006.dcm,.dcm,2075688,1.98,application/dicom,True,False,False
/kaggle/working/liver_digital_twin/data/raw_tcia_download/1.3.6.1.4.1.14519.5.2.1.1188.2803.738581576903765604292010199710/00000007.dcm,1.3.6.1.4.1.14519.5.2.1.1188.2803.738581576903765604292010199710/00000007.dcm,1.3.6.1.4.1.14519.5.2.1.1188.2803.738581576903765604292010199710,00000007.dcm,.dcm,2766888,2.639,application/dicom,True,False,False
/kaggle/working/liver_digital_twin/data/raw_tcia_download/1.3.6.1.4.1.14519.5.2.1.1188.2803.738581576903765604292010199710/00000008.dcm,1.3.6.1.4.1.14519.5.2.1.1188.2803.738581576903765604292010199710/00000008.dcm,1.3.6.1.4.1.14519.5.2.1.1188.2803.738581576903765604292010199710,00000008.dcm,.dcm,239191590,228.111,application/dicom,True,False,False
/kaggle/working/liver_digital_twin/data/raw_tcia_download/1.3.6.1.4.1.14519.5.2.1.1188.2803.738581576903765604292010199710/00000009.dcm,1.3.6.1.4.1.14519.5.2.1.1188.2803.738581576903765604292010199710/00000009.dcm,1.3.6.1.4.1.14519.5.2.1.1188.2803.738581576903765604292010199710,00000009.dcm,.dcm,371315010,354.114,application/dicom,True,False,False
/kaggle/working/liver_digital_twin/data/raw_tcia_download/1.3.6.1.4.1.14519.5.2.1.1188.2803.738581576903765604292010199710/LICENSE,1.3.6.1.4.1.14519.5.2.1.1188.2803.738581576903765604292010199710/LICENSE,1.3.6.1.4.1.14519.5.2.1.1188.2803.738581576903765604292010199710,LICENSE,,2801,0.003,,True,False,False
